34.237.73.95,192.168.1.10,6,115,317,DF,443.0,60377.0,2025-02-07 04:04:39+03:00,317.0,1,0.0
213.180.204.179,192.168.1.10,6,59,66,DF,443.0,60672.0,2025-02-07 04:04:41+03:00,66.0,1,0.0
185.137.235.79,192.168.1.10,6,56,85,DF,443.0,56622.0,2025-02-07 04:04:55+03:00,85.0,1,0.0
91.105.192.100,192.168.1.10,6,56,56,DF,443.0,61648.0,2025-02-07 04:05:02+03:00,56.0,1,0.0
192.168.1.1,224.0.0.1,2,1,60,DF,0.0,0.0,2025-02-07 04:05:08+03:00,60.0,1,0.0
192.168.1.10,34.237.73.95,6,128,200,DF,61774.0,443.0,2025-02-07 04:05:25+03:00,531.9,2,0.0
192.168.1.10,104.18.26.90,6,128,66,DF,62123.0,443.0,2025-02-07 04:05:26+03:00,724.0,2,0.0
149.154.167.51,192.168.1.10,6,53,143,DF,443.0,53258.0,2025-02-07 04:05:27+03:00,143.0,1,0.0
2.16.103.82,192.168.1.10,6,59,862,DF,443.0,62124.0,2025-02-07 04:05:28+03:00,344.0,1,0.0
213.180.193.234,192.168.1.10,6,59,3714,DF,443.0,62125.0,2025-02-07 04:05:32+03:00,974.0,1,0.0
4.207.247.138,192.168.1.10,6,110,229,DF,443.0,60411.0,2025-02-07 04:05:33+03:00,229.0,1,0.0
104.18.26.90,192.168.1.10,6,58,66,DF,443.0,62135.0,2025-02-07 04:07:25+03:00,66.0,1,0.0
192.168.1.1,192.168.1.10,17,64,117,DF,0.0,0.0,2025-02-07 04:07:26+03:00,137.5,1,0.0
192.168.1.10,192.168.1.1,17,128,80,,0.0,0.0,2025-02-07 04:07:36+03:00,136.77777777777777,2,0.0
35.174.127.31,192.168.1.10,6,115,316,DF,443.0,60898.0,2025-02-07 04:07:36+03:00,316.0,1,0.0
213.180.204.179,192.168.1.10,6,59,66,DF,443.0,60672.0,2025-02-07 04:07:41+03:00,66.0,1,0.0
185.137.235.79,192.168.1.10,6,56,56,DF,443.0,56622.0,2025-02-07 04:07:55+03:00,70.5,1,0.0
91.105.192.100,192.168.1.10,6,56,56,DF,443.0,61918.0,2025-02-07 04:08:00+03:00,56.0,1,0.0
91.105.192.100,192.168.1.10,6,55,56,DF,443.0,61854.0,2025-02-07 04:08:03+03:00,56.0,1,0.0
20.238.236.234,192.168.1.10,6,50,66,DF,443.0,56626.0,2025-02-07 04:08:10+03:00,66.0,1,0.0
108.157.214.125,192.168.1.10,6,248,1494,,443.0,62137.0,2025-02-07 04:08:20+03:00,540.0,1,0.0
35.174.127.31,192.168.1.10,6,115,316,DF,443.0,60898.0,2025-02-07 04:08:24+03:00,316.0,1,0.0
104.18.26.90,192.168.1.10,6,58,138,DF,443.0,62154.0,2025-02-07 04:09:26+03:00,138.0,1,0.0
192.168.1.10,104.18.26.90,6,128,54,DF,62154.0,443.0,2025-02-07 04:09:26+03:00,796.5714285714286,2,0.0
104.18.95.41,192.168.1.10,17,58,65,DF,0.0,0.0,2025-02-07 04:09:26+03:00,126.0,1,0.0
104.18.95.41,192.168.1.10,17,58,65,DF,0.0,0.0,2025-02-07 04:09:26+03:00,126.0,1,0.0
104.18.95.41,192.168.1.10,17,58,65,DF,0.0,0.0,2025-02-07 04:09:26+03:00,126.0,1,0.0
2.16.103.82,192.168.1.10,6,59,66,DF,443.0,62155.0,2025-02-07 04:09:27+03:00,146.85714285714286,1,0.0
192.168.1.10,2.16.103.82,6,128,1438,DF,62155.0,443.0,2025-02-07 04:09:27+03:00,446.25,1,0.0
2.16.103.82,192.168.1.10,6,59,60,DF,443.0,62155.0,2025-02-07 04:09:27+03:00,146.85714285714286,1,0.0
2.16.103.82,192.168.1.10,6,59,56,DF,443.0,62155.0,2025-02-07 04:09:27+03:00,146.85714285714286,1,0.0
2.16.103.82,192.168.1.10,6,59,56,DF,443.0,62155.0,2025-02-07 04:09:27+03:00,146.85714285714286,1,0.0
2.16.103.82,192.168.1.10,6,59,865,DF,443.0,62155.0,2025-02-07 04:09:28+03:00,345.0,1,0.0
2.16.103.82,192.168.1.10,6,59,85,DF,443.0,62155.0,2025-02-07 04:09:28+03:00,345.0,1,0.0
2.16.103.82,192.168.1.10,6,59,85,DF,443.0,62155.0,2025-02-07 04:09:28+03:00,345.0,1,0.0
34.237.73.95,192.168.1.10,6,113,66,DF,443.0,60396.0,2025-02-07 04:09:28+03:00,66.0,1,0.0
192.168.1.10,35.174.127.31,6,128,54,DF,60898.0,443.0,2025-02-07 04:09:28+03:00,178.0,2,0.0
34.237.73.95,192.168.1.10,6,115,315,DF,443.0,61774.0,2025-02-07 04:09:32+03:00,228.33333333333334,2,5.0
2.16.103.82,192.168.1.10,6,59,78,DF,443.0,62155.0,2025-02-07 04:09:37+03:00,69.0,1,0.0
2.16.103.82,192.168.1.10,6,59,60,DF,443.0,62155.0,2025-02-07 04:09:37+03:00,69.0,1,0.0
34.237.73.95,192.168.1.10,6,115,56,DF,443.0,56621.0,2025-02-07 04:09:37+03:00,228.33333333333334,2,5.0
20.238.236.234,192.168.1.10,6,50,66,DF,443.0,56626.0,2025-02-07 04:09:40+03:00,66.0,1,0.0
148.251.1.246,192.168.1.10,6,56,66,DF,443.0,62176.0,2025-02-07 04:13:36+03:00,770.8,1,0.0
148.251.1.246,192.168.1.10,6,56,60,DF,443.0,62176.0,2025-02-07 04:13:36+03:00,770.8,1,0.0
148.251.1.246,192.168.1.10,6,56,56,DF,443.0,62176.0,2025-02-07 04:13:36+03:00,770.8,1,0.0
148.251.1.246,192.168.1.10,6,56,2974,DF,443.0,62176.0,2025-02-07 04:13:36+03:00,770.8,1,0.0
148.251.1.246,192.168.1.10,6,56,698,DF,443.0,62176.0,2025-02-07 04:13:36+03:00,770.8,1,0.0
34.237.73.95,192.168.1.10,6,118,313,DF,443.0,56621.0,2025-02-07 04:13:37+03:00,315.0,2,3.0
149.154.167.51,192.168.1.10,6,53,143,DF,443.0,53258.0,2025-02-07 04:13:38+03:00,143.0,1,0.0
20.238.236.234,192.168.1.10,6,50,66,DF,443.0,56626.0,2025-02-07 04:13:40+03:00,66.0,1,0.0
185.137.235.79,192.168.1.10,6,56,66,DF,443.0,56622.0,2025-02-07 04:13:40+03:00,66.0,1,0.0
34.237.73.95,192.168.1.10,6,118,317,DF,443.0,60373.0,2025-02-07 04:13:40+03:00,315.0,2,3.0
91.105.192.100,192.168.1.10,6,56,56,DF,80.0,61729.0,2025-02-07 04:13:42+03:00,133.33333333333334,1,0.0
91.105.192.100,192.168.1.10,6,56,56,DF,80.0,61729.0,2025-02-07 04:13:42+03:00,133.33333333333334,1,0.0
192.168.1.10,148.251.1.246,6,128,54,DF,62176.0,443.0,2025-02-07 04:13:42+03:00,165.57142857142858,2,0.0
148.251.1.246,192.168.1.10,6,56,60,DF,443.0,62176.0,2025-02-07 04:13:42+03:00,60.0,1,0.0
192.168.1.10,148.251.1.246,6,128,54,DF,62176.0,443.0,2025-02-07 04:13:42+03:00,165.57142857142858,2,0.0
34.237.73.95,192.168.1.10,6,118,316,DF,443.0,60377.0,2025-02-07 04:13:43+03:00,314.3333333333333,3,10.0
35.174.127.31,192.168.1.10,6,115,316,DF,443.0,60898.0,2025-02-07 04:13:44+03:00,316.0,1,0.0
4.207.247.138,192.168.1.10,6,110,229,DF,443.0,60411.0,2025-02-07 04:13:48+03:00,229.0,1,0.0
192.168.1.10,4.207.247.138,6,128,54,DF,60411.0,443.0,2025-02-07 04:13:48+03:00,154.2,1,0.0
34.237.73.95,192.168.1.10,6,118,314,DF,443.0,61774.0,2025-02-07 04:13:48+03:00,314.3333333333333,3,10.0
185.137.235.79,192.168.1.10,6,56,85,DF,443.0,56622.0,2025-02-07 04:13:55+03:00,70.5,1,0.0
192.168.1.10,185.137.235.79,6,128,89,DF,56622.0,443.0,2025-02-07 04:13:55+03:00,85.4,1,0.0
185.137.235.79,192.168.1.10,6,56,56,DF,443.0,56622.0,2025-02-07 04:13:55+03:00,70.5,1,0.0
213.180.204.179,192.168.1.10,6,59,136,DF,443.0,60672.0,2025-02-07 04:13:56+03:00,136.0,1,0.0
192.168.1.10,213.180.204.179,6,128,54,DF,60672.0,443.0,2025-02-07 04:13:56+03:00,85.4,1,0.0
213.180.204.179,192.168.1.10,6,59,136,DF,443.0,60383.0,2025-02-07 04:13:56+03:00,136.0,1,0.0
192.168.1.10,213.180.204.179,6,128,54,DF,60383.0,443.0,2025-02-07 04:13:56+03:00,161.0,1,0.0
192.168.1.10,34.237.73.95,6,128,54,DF,60377.0,443.0,2025-02-07 04:14:00+03:00,161.0,1,4.0
192.168.1.10,35.174.127.31,6,128,295,DF,60898.0,443.0,2025-02-07 04:14:00+03:00,161.0,1,0.0
35.174.127.31,192.168.1.10,6,115,316,DF,443.0,60898.0,2025-02-07 04:14:00+03:00,316.0,1,0.0
185.137.235.79,192.168.1.10,6,56,56,DF,443.0,60402.0,2025-02-07 04:14:02+03:00,70.5,1,0.0
192.168.1.10,149.154.167.51,6,128,159,DF,53258.0,443.0,2025-02-07 04:14:04+03:00,117.16666666666667,1,0.0
149.154.167.51,192.168.1.10,6,53,722,DF,443.0,53258.0,2025-02-07 04:14:04+03:00,722.0,1,0.0
192.168.1.10,149.154.167.51,6,128,54,DF,53258.0,443.0,2025-02-07 04:14:04+03:00,117.16666666666667,1,0.0
91.105.192.100,192.168.1.10,6,56,56,DF,80.0,61729.0,2025-02-07 04:14:07+03:00,133.33333333333334,1,0.0
91.105.192.100,192.168.1.10,6,56,56,DF,80.0,61729.0,2025-02-07 04:14:07+03:00,133.33333333333334,1,0.0
192.168.1.10,34.237.73.95,6,128,54,DF,56621.0,443.0,2025-02-07 04:14:10+03:00,224.25,2,1.0
192.168.1.10,2.19.204.130,6,128,1438,DF,62188.0,443.0,2025-02-07 04:15:27+03:00,463.42857142857144,1,0.0
34.237.73.95,192.168.1.10,6,113,66,DF,443.0,60396.0,2025-02-07 04:15:28+03:00,189.5,2,1.0
192.168.1.1,224.0.0.1,2,1,60,DF,0.0,0.0,2025-02-07 04:15:33+03:00,60.0,1,0.0
34.237.73.95,192.168.1.10,6,118,315,DF,443.0,61774.0,2025-02-07 04:15:40+03:00,315.0,1,0.0
149.154.167.51,192.168.1.10,6,53,143,DF,443.0,53258.0,2025-02-07 04:15:44+03:00,143.0,1,0.0
185.137.235.79,192.168.1.10,6,56,56,DF,443.0,56622.0,2025-02-07 04:15:55+03:00,70.5,1,0.0
192.168.1.1,192.168.1.10,17,64,101,DF,0.0,0.0,2025-02-07 04:35:32+03:00,117.5,1,0.0
104.18.26.90,192.168.1.10,6,58,60,DF,443.0,62241.0,2025-02-07 04:35:35+03:00,60.0,1,0.0
104.18.27.90,192.168.1.10,6,58,66,DF,443.0,62278.0,2025-02-07 04:43:25+03:00,66.0,1,0.0
35.174.127.31,192.168.1.10,6,118,317,DF,443.0,60898.0,2025-02-07 04:43:36+03:00,317.0,1,0.0
136.243.11.250,192.168.1.10,6,56,2974,DF,443.0,62279.0,2025-02-07 04:43:40+03:00,770.8,1,0.0
213.180.204.179,192.168.1.10,6,59,66,DF,443.0,60672.0,2025-02-07 04:43:41+03:00,66.0,1,0.0
192.168.1.1,192.168.1.10,17,64,117,DF,0.0,0.0,2025-02-07 04:50:25+03:00,137.5,1,0.0
104.18.27.90,192.168.1.10,6,58,60,DF,443.0,62307.0,2025-02-07 04:50:26+03:00,60.0,1,0.0
185.137.235.79,192.168.1.10,6,56,66,DF,443.0,60402.0,2025-02-07 04:51:51+03:00,66.0,2,0.0
35.174.127.31,192.168.1.10,6,115,316,DF,443.0,60898.0,2025-02-07 04:51:52+03:00,316.0,1,0.0
185.137.235.79,192.168.1.10,6,56,56,DF,443.0,60402.0,2025-02-07 04:52:02+03:00,70.5,1,0.0
185.137.235.79,192.168.1.10,6,56,56,DF,443.0,60402.0,2025-02-07 04:52:07+03:00,86.5,2,0.0
20.238.236.234,192.168.1.10,6,50,66,DF,443.0,56626.0,2025-02-07 04:52:10+03:00,66.0,1,0.0
185.137.235.79,192.168.1.10,6,56,288,DF,443.0,60402.0,2025-02-07 04:52:20+03:00,288.0,2,0.0
185.137.235.180,192.168.1.10,6,56,54,DF,443.0,62313.0,2025-02-07 04:52:21+03:00,60.0,1,0.0
104.18.94.41,192.168.1.10,17,58,1242,DF,0.0,0.0,2025-02-07 04:52:25+03:00,1242.0,1,0.0
192.168.1.10,104.18.26.90,6,128,66,DF,62314.0,443.0,2025-02-07 04:52:26+03:00,368.8333333333333,2,0.0
192.168.1.10,34.237.73.95,6,128,293,DF,61774.0,443.0,2025-02-07 04:52:28+03:00,563.4285714285714,1,0.0
104.18.26.90,192.168.1.10,6,58,60,DF,443.0,62314.0,2025-02-07 04:52:32+03:00,60.0,1,0.0
192.168.1.10,35.174.127.31,6,128,163,DF,62571.0,443.0,2025-02-07 04:53:25+03:00,618.8571428571429,2,0.0
192.168.1.10,104.18.26.90,6,128,54,DF,62586.0,443.0,2025-02-07 04:53:27+03:00,483.5,2,0.0
2.19.204.130,192.168.1.10,6,59,66,DF,443.0,62587.0,2025-02-07 04:53:28+03:00,66.0,1,0.0
192.168.1.1,192.168.1.10,17,64,101,DF,0.0,0.0,2025-02-07 04:53:32+03:00,101.0,1,0.0
4.207.247.138,192.168.1.10,6,110,229,DF,443.0,60411.0,2025-02-07 04:53:33+03:00,229.0,1,0.0
87.250.251.183,192.168.1.10,6,59,557,DF,443.0,62589.0,2025-02-07 04:53:37+03:00,306.5,1,0.0
87.250.251.183,192.168.1.10,6,59,60,DF,443.0,62589.0,2025-02-07 04:53:47+03:00,72.5,1,0.0
185.137.235.79,192.168.1.10,6,56,834,DF,443.0,60402.0,2025-02-07 04:53:54+03:00,377.0,2,3.0
184.85.149.200,192.168.1.10,6,54,7354,DF,80.0,62593.0,2025-02-07 04:53:56+03:00,1971.75,1,0.0
35.174.127.31,192.168.1.10,6,114,317,DF,443.0,62572.0,2025-02-07 04:54:01+03:00,316.0,5,2.0
35.174.127.31,192.168.1.10,6,115,314,DF,443.0,62565.0,2025-02-07 04:54:15+03:00,314.0,1,0.0
4.207.247.138,192.168.1.10,6,110,229,DF,443.0,60411.0,2025-02-07 04:54:18+03:00,229.0,1,0.0
108.157.214.111,192.168.1.10,6,248,66,DF,443.0,62597.0,2025-02-07 04:54:24+03:00,66.0,2,0.0
173.194.222.188,192.168.1.10,6,123,66,,5228.0,62567.0,2025-02-07 04:54:26+03:00,66.0,1,0.0
2.19.204.130,192.168.1.10,6,59,868,DF,443.0,62604.0,2025-02-07 04:54:28+03:00,370.8,1,0.0
213.180.193.226,192.168.1.10,6,59,2494,DF,443.0,62605.0,2025-02-07 04:54:31+03:00,495.5,1,0.0
35.174.127.31,192.168.1.10,6,115,56,DF,443.0,62571.0,2025-02-07 04:54:32+03:00,272.5,5,3.0
2.19.204.130,192.168.1.10,6,59,78,DF,443.0,62604.0,2025-02-07 04:54:37+03:00,69.0,1,0.0
35.174.127.31,192.168.1.10,6,114,316,DF,443.0,62572.0,2025-02-07 05:08:24+03:00,318.0,2,0.0
2.19.204.130,192.168.1.10,6,59,56,DF,443.0,62663.0,2025-02-07 05:08:27+03:00,125.0,1,0.0
104.18.27.90,192.168.1.10,6,58,60,DF,443.0,62662.0,2025-02-07 05:08:29+03:00,60.0,1,0.0
213.180.193.234,192.168.1.10,6,59,3714,DF,443.0,62665.0,2025-02-07 05:08:32+03:00,956.0,1,0.0
35.174.127.31,192.168.1.10,6,115,316,DF,443.0,62566.0,2025-02-07 05:08:35+03:00,316.0,1,0.0
173.194.222.188,192.168.1.10,6,123,66,,5228.0,62567.0,2025-02-07 05:08:41+03:00,66.0,1,0.0
35.174.127.31,192.168.1.10,6,115,315,DF,443.0,62573.0,2025-02-07 05:08:41+03:00,315.0,1,0.0
35.174.127.31,192.168.1.10,6,115,317,DF,443.0,62566.0,2025-02-07 05:08:51+03:00,317.0,1,0.0
213.180.204.179,192.168.1.10,6,59,136,DF,443.0,60672.0,2025-02-07 05:08:56+03:00,136.0,1,0.0
192.168.1.10,91.105.192.100,6,128,54,DF,62521.0,443.0,2025-02-07 05:09:02+03:00,69.75,1,0.0
13.68.233.9,192.168.1.10,6,108,5894,DF,443.0,62666.0,2025-02-07 05:09:04+03:00,1340.0,2,0.0
192.168.1.10,13.68.233.9,6,128,54,DF,62666.0,443.0,2025-02-07 05:09:05+03:00,54.0,1,0.0
185.137.235.180,192.168.1.10,6,56,66,DF,443.0,62857.0,2025-02-07 18:00:55+03:00,66.0,2,0.0
192.168.1.1,192.168.1.10,17,64,268,DF,0.0,0.0,2025-02-07 18:01:03+03:00,254.5,1,0.0
91.105.192.100,192.168.1.10,6,56,56,DF,443.0,62783.0,2025-02-07 18:01:05+03:00,56.0,2,0.0
192.168.1.10,91.105.192.100,6,128,54,DF,62782.0,443.0,2025-02-07 18:01:06+03:00,116.0,1,0.0
192.168.1.10,185.137.235.180,6,128,54,DF,62805.0,443.0,2025-02-07 18:01:10+03:00,189.16666666666666,2,0.0
104.18.94.41,192.168.1.10,17,58,1242,DF,0.0,0.0,2025-02-07 18:01:18+03:00,1242.0,1,0.0
35.174.127.31,192.168.1.10,6,118,2974,DF,443.0,63049.0,2025-02-07 18:01:19+03:00,626.5,1,0.0
149.154.167.50,192.168.1.10,6,54,143,DF,443.0,62784.0,2025-02-07 18:01:20+03:00,151.0,1,0.0
192.168.1.10,149.154.167.50,6,128,54,DF,62784.0,443.0,2025-02-07 18:01:24+03:00,94.0,1,0.0
35.174.127.31,192.168.1.10,6,118,2974,DF,443.0,63050.0,2025-02-07 18:01:30+03:00,624.5,1,1.0
91.105.192.100,192.168.1.10,6,56,288,DF,80.0,62791.0,2025-02-07 18:01:33+03:00,288.0,1,0.0
149.154.167.50,192.168.1.10,6,54,56,DF,443.0,62784.0,2025-02-07 18:01:34+03:00,56.0,1,0.0
34.237.73.95,192.168.1.10,6,118,316,DF,443.0,62920.0,2025-02-07 18:01:48+03:00,316.0,1,0.0
34.237.73.95,192.168.1.10,6,118,318,DF,443.0,62927.0,2025-02-07 18:01:54+03:00,318.0,1,0.0
35.174.127.31,192.168.1.10,6,118,60,DF,443.0,63304.0,2025-02-07 18:50:42+03:00,776.8333333333334,2,2.0
213.180.204.179,192.168.1.10,6,59,66,DF,443.0,63239.0,2025-02-07 18:50:50+03:00,66.0,1,0.0
20.238.236.234,192.168.1.10,6,50,66,DF,443.0,63281.0,2025-02-07 18:50:57+03:00,66.0,1,0.0
213.180.193.14,192.168.1.10,6,59,66,DF,443.0,63307.0,2025-02-07 18:51:00+03:00,66.0,1,0.0
149.154.167.50,192.168.1.10,6,53,143,DF,443.0,63221.0,2025-02-07 18:51:02+03:00,143.0,1,0.0
40.69.83.104,192.168.1.10,6,111,60,DF,443.0,63230.0,2025-02-07 18:51:03+03:00,60.0,1,0.0
213.180.193.226,192.168.1.10,6,59,66,DF,443.0,63310.0,2025-02-07 18:51:03+03:00,66.0,1,0.0
213.180.204.127,192.168.1.10,6,59,1241,DF,443.0,63312.0,2025-02-07 18:51:04+03:00,459.6666666666667,1,0.0
13.107.21.239,192.168.1.10,6,118,5894,DF,443.0,63313.0,2025-02-07 18:51:05+03:00,967.0,1,0.0
204.79.197.237,192.168.1.10,6,118,66,DF,443.0,63314.0,2025-02-07 18:51:05+03:00,66.0,1,0.0
204.79.197.237,192.168.1.10,6,119,5894,DF,443.0,63314.0,2025-02-07 18:51:05+03:00,2071.3333333333335,1,0.0
92.123.189.9,192.168.1.10,17,57,66,DF,0.0,0.0,2025-02-07 18:51:05+03:00,66.0,1,0.0
185.137.235.80,192.168.1.10,6,56,56,DF,443.0,63253.0,2025-02-07 18:51:06+03:00,56.0,1,0.0
104.46.162.226,192.168.1.10,6,105,4434,DF,443.0,63315.0,2025-02-07 18:51:08+03:00,1356.0,2,0.0
104.46.162.226,192.168.1.10,6,104,2974,DF,443.0,63316.0,2025-02-07 18:51:08+03:00,1335.4,2,0.0
104.79.88.62,192.168.1.10,6,48,60,DF,443.0,63261.0,2025-02-07 18:51:09+03:00,72.5,1,0.0
149.154.167.50,192.168.1.10,6,53,56,DF,443.0,63221.0,2025-02-07 18:51:14+03:00,56.0,1,0.0
192.168.1.10,4.207.247.137,6,128,590,,63308.0,443.0,2025-02-07 18:51:16+03:00,266.85714285714283,1,0.0
192.168.1.10,104.18.26.90,6,128,66,DF,63318.0,443.0,2025-02-07 18:51:17+03:00,683.0,2,0.0
192.168.1.10,104.18.94.41,17,128,1286,DF,0.0,0.0,2025-02-07 18:51:18+03:00,374.7142857142857,2,0.0
104.46.162.226,192.168.1.10,6,105,60,DF,443.0,63315.0,2025-02-07 18:51:19+03:00,60.0,1,0.0
35.174.127.31,192.168.1.10,6,118,60,DF,443.0,63317.0,2025-02-07 18:51:22+03:00,66.0,1,0.0
149.154.167.50,192.168.1.10,6,53,56,DF,443.0,63221.0,2025-02-07 18:51:22+03:00,99.5,1,1.0
192.168.1.1,192.168.1.10,17,64,161,DF,0.0,0.0,2025-02-07 18:51:32+03:00,161.0,1,0.0
192.168.1.1,192.168.1.10,17,64,121,DF,0.0,0.0,2025-02-07 18:51:34+03:00,145.0,1,0.0
192.168.1.1,192.168.1.10,17,64,215,DF,0.0,0.0,2025-02-07 18:51:37+03:00,215.0,1,0.0
192.168.1.10,13.227.219.113,6,128,66,DF,63329.0,443.0,2025-02-07 18:51:38+03:00,60.0,1,0.0
34.237.73.95,192.168.1.10,6,118,60,DF,443.0,63321.0,2025-02-07 18:51:39+03:00,60.0,1,0.0
192.168.1.10,13.227.219.113,6,128,54,DF,63328.0,443.0,2025-02-07 18:51:41+03:00,214.0,1,0.0
192.168.1.10,35.174.127.31,6,128,1514,DF,63347.0,443.0,2025-02-07 18:53:41+03:00,326.0,2,0.0
40.79.141.152,192.168.1.10,6,111,60,DF,443.0,63322.0,2025-02-07 18:53:45+03:00,60.0,1,0.0
213.180.204.179,192.168.1.10,6,59,66,DF,443.0,63239.0,2025-02-07 18:53:50+03:00,66.0,1,0.0
149.154.167.50,192.168.1.10,6,53,56,DF,443.0,63221.0,2025-02-07 18:53:57+03:00,56.0,1,0.0
91.105.192.100,192.168.1.10,6,62,56,DF,443.0,63211.0,2025-02-07 18:54:04+03:00,56.0,1,0.0
185.137.235.80,192.168.1.10,6,56,56,DF,443.0,63253.0,2025-02-07 18:54:06+03:00,70.5,2,0.0
91.105.192.100,192.168.1.10,6,56,56,DF,443.0,63210.0,2025-02-07 18:54:14+03:00,56.0,2,0.0
192.168.1.10,35.174.127.31,6,128,1514,DF,63350.0,443.0,2025-02-07 18:54:19+03:00,320.57142857142856,1,0.0
4.207.247.137,192.168.1.10,6,62,56,DF,443.0,63235.0,2025-02-07 18:54:20+03:00,56.0,1,1.0
213.180.204.179,192.168.1.10,6,59,136,DF,443.0,63293.0,2025-02-07 18:54:33+03:00,136.0,1,0.0
192.168.1.1,192.168.1.10,17,64,189,DF,0.0,0.0,2025-02-07 18:54:37+03:00,189.0,1,0.0
18.245.60.101,192.168.1.10,6,248,4374,,443.0,63361.0,2025-02-07 18:54:37+03:00,810.875,2,0.0
74.125.205.188,192.168.1.10,6,123,66,,5228.0,63279.0,2025-02-07 18:54:42+03:00,66.0,1,0.0
18.245.46.32,192.168.1.10,6,248,60,,443.0,63352.0,2025-02-07 18:54:43+03:00,60.0,1,0.0
192.168.1.1,192.168.1.10,17,64,121,DF,0.0,0.0,2025-02-07 18:54:49+03:00,145.0,1,0.0
185.137.235.80,192.168.1.10,6,56,66,DF,443.0,63253.0,2025-02-07 18:54:51+03:00,66.0,2,0.0
20.238.236.234,192.168.1.10,6,50,66,DF,443.0,63281.0,2025-02-07 18:54:57+03:00,66.0,1,0.0
185.137.235.80,192.168.1.10,6,56,854,DF,443.0,63253.0,2025-02-07 18:55:03+03:00,854.0,2,0.0
192.168.1.10,104.16.145.246,6,128,54,DF,63364.0,443.0,2025-02-07 18:55:03+03:00,232.5,2,0.0
192.168.1.10,149.154.167.50,6,128,367,DF,63221.0,443.0,2025-02-07 18:55:06+03:00,136.85714285714286,1,0.0
104.85.0.160,192.168.1.10,6,51,2974,DF,443.0,63366.0,2025-02-07 18:55:08+03:00,540.625,2,2.0
192.168.1.10,104.85.0.160,6,128,54,DF,63366.0,443.0,2025-02-07 18:55:08+03:00,153.71428571428572,1,0.0
104.85.0.160,192.168.1.10,6,51,435,DF,443.0,63366.0,2025-02-07 18:55:09+03:00,435.0,1,0.0
192.168.1.10,104.85.0.160,6,128,261,DF,63366.0,443.0,2025-02-07 18:55:10+03:00,137.33333333333334,1,0.0
13.35.58.75,192.168.1.10,6,248,1494,,443.0,63371.0,2025-02-07 18:55:10+03:00,419.4,1,0.0
192.168.1.10,104.85.0.160,6,128,271,DF,63366.0,443.0,2025-02-07 18:55:11+03:00,173.75,1,0.0
192.168.1.10,104.85.0.160,6,128,271,DF,63366.0,443.0,2025-02-07 18:55:11+03:00,138.0,1,0.0
13.35.58.75,192.168.1.10,6,248,1494,,443.0,63376.0,2025-02-07 18:55:12+03:00,321.14285714285717,1,0.0
192.168.1.1,192.168.1.10,17,64,95,DF,0.0,0.0,2025-02-07 18:55:17+03:00,95.0,1,0.0
18.66.102.54,192.168.1.10,6,247,60,,443.0,63378.0,2025-02-07 18:55:22+03:00,138.0,1,0.0
35.174.127.31,192.168.1.10,6,118,2974,DF,443.0,63379.0,2025-02-07 18:55:26+03:00,673.7142857142857,2,1.0
74.125.205.188,192.168.1.10,6,123,66,,5228.0,63279.0,2025-02-07 18:55:27+03:00,66.0,1,0.0
185.137.235.80,192.168.1.10,6,56,1180,DF,443.0,63253.0,2025-02-07 18:55:38+03:00,1180.0,2,0.0
192.168.1.10,35.174.127.31,6,128,54,DF,63250.0,443.0,2025-02-07 18:55:41+03:00,116.0,1,0.0
20.238.236.234,192.168.1.10,6,50,66,DF,443.0,63281.0,2025-02-07 18:55:42+03:00,66.0,1,0.0
213.180.204.179,192.168.1.10,6,59,66,DF,443.0,63239.0,2025-02-07 18:55:50+03:00,66.0,1,0.0
149.154.167.50,192.168.1.10,6,53,143,DF,443.0,63221.0,2025-02-07 18:55:58+03:00,143.0,1,0.0
213.180.193.234,192.168.1.10,6,59,66,DF,443.0,63382.0,2025-02-07 18:56:03+03:00,66.0,1,0.0
34.237.73.95,192.168.1.10,6,118,2974,DF,443.0,63381.0,2025-02-07 18:56:04+03:00,629.5,1,0.0
213.180.204.179,192.168.1.10,6,59,136,DF,443.0,63239.0,2025-02-07 18:56:05+03:00,136.0,1,0.0
4.207.247.137,192.168.1.10,6,111,227,DF,443.0,63308.0,2025-02-07 18:56:07+03:00,227.0,1,0.0
91.105.192.100,192.168.1.10,6,62,56,DF,443.0,63210.0,2025-02-07 18:56:14+03:00,56.0,1,0.0
192.168.1.10,91.105.192.100,6,128,54,DF,63214.0,443.0,2025-02-07 18:56:16+03:00,96.0,1,0.0
104.18.26.90,192.168.1.10,6,58,1429,DF,443.0,63383.0,2025-02-07 18:56:17+03:00,402.75,1,0.0
192.168.1.10,104.18.26.90,6,128,66,DF,63383.0,443.0,2025-02-07 18:56:18+03:00,443.42857142857144,2,0.0
104.18.26.90,192.168.1.10,6,58,60,DF,443.0,63383.0,2025-02-07 18:56:19+03:00,60.0,1,0.0
4.207.247.137,192.168.1.10,6,62,56,DF,443.0,63235.0,2025-02-07 18:56:21+03:00,56.0,1,0.0
20.238.236.234,192.168.1.10,6,50,66,DF,443.0,63281.0,2025-02-07 18:56:27+03:00,66.0,1,0.0
213.180.204.179,192.168.1.10,6,59,136,DF,443.0,63293.0,2025-02-07 18:56:33+03:00,136.0,1,0.0
185.137.235.80,192.168.1.10,6,56,56,DF,443.0,63253.0,2025-02-07 18:56:39+03:00,86.0,2,0.0
192.168.1.1,192.168.1.10,17,64,189,DF,0.0,0.0,2025-02-07 18:56:41+03:00,189.0,1,0.0
18.245.60.101,192.168.1.10,6,248,1055,,443.0,63395.0,2025-02-07 18:56:42+03:00,448.0,1,0.0
213.180.204.179,192.168.1.10,6,59,66,DF,443.0,63239.0,2025-02-07 18:56:50+03:00,66.0,1,0.0
213.180.204.179,192.168.1.10,6,59,66,DF,443.0,52255.0,2025-02-08 18:42:47+03:00,66.0,1,0.0
35.174.127.31,192.168.1.10,6,115,2974,DF,443.0,52898.0,2025-02-08 18:42:56+03:00,565.3333333333334,1,0.0
213.180.204.179,192.168.1.10,6,59,136,DF,443.0,52255.0,2025-02-08 18:43:02+03:00,136.0,1,0.0
192.168.1.10,5.255.255.77,6,128,1464,DF,52899.0,443.0,2025-02-08 18:43:03+03:00,374.42857142857144,1,0.0
192.168.1.10,2.16.103.82,6,128,1438,DF,52901.0,443.0,2025-02-08 18:43:08+03:00,454.2857142857143,1,0.0
173.194.73.188,192.168.1.10,6,123,66,,5228.0,52294.0,2025-02-08 18:43:09+03:00,66.0,1,0.0
149.154.167.50,192.168.1.10,6,53,159,DF,443.0,52672.0,2025-02-08 18:43:10+03:00,159.0,1,0.0
149.154.167.50,192.168.1.10,6,53,159,DF,443.0,52672.0,2025-02-08 18:43:12+03:00,159.0,1,0.0
192.168.1.1,192.168.1.11,17,64,121,DF,0.0,0.0,2025-02-08 23:13:23+03:00,145.0,1,0.0
35.174.127.31,192.168.1.11,6,118,2974,DF,443.0,57205.0,2025-02-08 23:15:11+03:00,709.4285714285714,1,1.0
20.238.236.234,192.168.1.11,6,48,56,DF,443.0,57504.0,2025-02-09 00:37:28+03:00,84.5,1,0.0
149.154.167.50,192.168.1.11,6,53,159,DF,443.0,57452.0,2025-02-09 00:37:38+03:00,159.0,1,0.0
20.44.229.112,192.168.1.11,6,108,60,DF,443.0,58030.0,2025-02-09 00:37:46+03:00,60.0,1,0.0
149.154.167.50,192.168.1.11,6,53,56,DF,443.0,57452.0,2025-02-09 00:37:48+03:00,56.0,1,0.0
192.168.1.11,149.154.167.50,6,128,383,DF,57452.0,443.0,2025-02-09 00:37:50+03:00,137.57142857142858,1,0.0
77.88.55.88,192.168.1.11,6,59,66,DF,443.0,58052.0,2025-02-09 00:38:05+03:00,66.0,1,0.0
192.168.1.11,104.18.26.90,6,128,66,DF,58053.0,443.0,2025-02-09 00:38:06+03:00,459.0,2,0.0
34.237.73.95,192.168.1.11,6,118,2974,DF,443.0,58054.0,2025-02-09 00:38:06+03:00,626.5,1,1.0
95.101.78.40,192.168.1.11,6,56,66,DF,443.0,58055.0,2025-02-09 00:38:08+03:00,66.0,1,0.0
149.154.167.50,192.168.1.11,6,53,159,DF,443.0,57452.0,2025-02-09 00:38:08+03:00,159.0,1,0.0
20.238.236.234,192.168.1.11,6,48,66,DF,443.0,57504.0,2025-02-09 00:38:13+03:00,66.0,1,0.0
149.154.167.50,192.168.1.11,6,53,56,DF,443.0,57452.0,2025-02-09 00:38:19+03:00,56.0,1,0.0
213.180.204.179,192.168.1.11,6,59,136,DF,443.0,57473.0,2025-02-09 00:38:22+03:00,136.0,1,0.0
34.237.73.95,192.168.1.11,6,118,2974,DF,443.0,58057.0,2025-02-09 00:38:43+03:00,760.3333333333334,1,1.0
149.154.167.50,192.168.1.11,6,53,56,DF,443.0,57452.0,2025-02-09 00:38:51+03:00,56.0,1,0.0
4.207.247.139,192.168.1.11,6,62,56,DF,443.0,57490.0,2025-02-09 00:38:56+03:00,56.0,1,0.0
20.238.236.234,192.168.1.11,6,48,66,DF,443.0,57504.0,2025-02-09 00:38:58+03:00,66.0,1,0.0
91.105.192.100,192.168.1.11,6,62,56,DF,443.0,57717.0,2025-02-09 00:39:04+03:00,56.0,1,0.0
192.168.1.1,192.168.1.11,17,64,101,DF,0.0,0.0,2025-02-09 00:39:05+03:00,129.5,1,0.0
192.168.1.11,95.101.78.40,6,128,1438,DF,58059.0,443.0,2025-02-09 00:39:07+03:00,330.75,1,0.0
149.154.167.50,192.168.1.11,6,53,143,DF,443.0,57452.0,2025-02-09 00:39:08+03:00,143.0,1,0.0
35.174.127.31,192.168.1.11,6,118,317,DF,443.0,57488.0,2025-02-09 00:39:12+03:00,317.0,1,0.0
213.180.193.234,192.168.1.11,6,59,60,DF,443.0,58062.0,2025-02-09 00:39:18+03:00,63.0,1,0.0
192.168.1.1,192.168.1.11,17,64,208,DF,0.0,0.0,2025-02-09 00:39:21+03:00,208.0,1,0.0
213.180.204.179,192.168.1.11,6,59,136,DF,443.0,57473.0,2025-02-09 00:39:22+03:00,136.0,1,0.0
192.168.1.11,34.237.73.95,6,128,54,DF,58063.0,443.0,2025-02-09 00:39:24+03:00,79.2,1,0.0
34.237.73.95,192.168.1.11,6,118,2974,DF,443.0,58066.0,2025-02-09 00:39:33+03:00,869.2,1,0.0
34.237.73.95,192.168.1.11,6,118,56,DF,443.0,58066.0,2025-02-09 00:39:34+03:00,56.0,1,0.0
192.168.1.11,149.154.167.50,6,128,351,DF,57452.0,443.0,2025-02-09 00:39:37+03:00,96.42857142857143,1,0.0
149.154.167.50,192.168.1.11,6,53,56,DF,443.0,57452.0,2025-02-09 00:39:45+03:00,99.5,1,0.0
4.207.247.139,192.168.1.11,6,111,228,DF,443.0,57512.0,2025-02-09 00:39:51+03:00,228.0,1,0.0
213.180.204.179,192.168.1.11,6,59,136,DF,443.0,57519.0,2025-02-09 00:39:59+03:00,136.0,1,0.0
77.88.55.88,192.168.1.11,6,59,60,,443.0,58071.0,2025-02-09 00:40:05+03:00,63.0,1,0.0
192.168.1.11,35.174.127.31,6,128,294,DF,57498.0,443.0,2025-02-09 00:40:06+03:00,698.0,2,0.0
149.154.167.50,192.168.1.11,6,53,56,DF,443.0,57452.0,2025-02-09 00:40:11+03:00,56.0,1,0.0
192.168.1.11,91.105.192.100,6,128,54,DF,57949.0,443.0,2025-02-09 00:40:12+03:00,54.5,2,0.0
192.168.1.1,224.0.0.1,2,1,60,DF,0.0,0.0,2025-02-09 00:40:22+03:00,60.0,1,0.0
20.54.232.160,192.168.1.11,6,113,60,DF,443.0,58155.0,2025-02-09 00:50:36+03:00,60.0,1,0.0
64.233.161.188,192.168.1.11,6,123,66,,5228.0,57503.0,2025-02-09 00:50:44+03:00,66.0,1,0.0
192.168.1.1,224.0.0.1,2,1,60,DF,0.0,0.0,2025-02-09 00:50:47+03:00,60.0,1,0.0
192.168.1.1,224.0.0.1,2,1,60,DF,0.0,0.0,2025-02-09 00:52:52+03:00,60.0,1,0.0
20.54.232.160,192.168.1.11,6,113,60,DF,443.0,58170.0,2025-02-09 00:53:51+03:00,60.0,1,0.0
192.168.1.11,185.137.235.80,6,128,182,DF,57489.0,443.0,2025-02-09 00:53:59+03:00,146.125,1,0.0
192.168.1.1,192.168.1.11,17,64,93,DF,0.0,0.0,2025-02-09 00:54:05+03:00,93.0,1,0.0
192.168.1.11,35.174.127.31,6,128,1514,DF,58208.0,443.0,2025-02-09 00:54:07+03:00,337.57142857142856,1,0.0
192.168.1.11,192.168.1.1,17,128,93,,0.0,0.0,2025-02-09 00:54:08+03:00,94.0,2,0.0
192.168.1.11,2.18.24.10,6,128,610,DF,58209.0,443.0,2025-02-09 00:54:08+03:00,180.66666666666666,1,0.0
192.168.1.11,213.180.193.234,6,128,1464,DF,58210.0,443.0,2025-02-09 00:54:09+03:00,347.7142857142857,2,0.0
20.238.236.234,192.168.1.11,6,48,66,DF,443.0,57504.0,2025-02-09 00:54:13+03:00,66.0,1,0.0
91.105.192.100,192.168.1.11,6,55,56,DF,443.0,57949.0,2025-02-09 00:54:18+03:00,56.0,1,0.0
35.174.127.31,192.168.1.11,6,118,2974,DF,443.0,58212.0,2025-02-09 00:54:22+03:00,709.4285714285714,1,1.0
192.168.1.11,77.88.44.55,6,128,1464,DF,58213.0,443.0,2025-02-09 00:54:24+03:00,375.14285714285717,1,0.0
77.88.44.55,192.168.1.11,6,59,60,,443.0,58213.0,2025-02-09 00:54:28+03:00,77.0,1,0.0
35.174.127.31,192.168.1.11,6,118,2974,DF,443.0,58214.0,2025-02-09 00:54:32+03:00,776.6666666666666,2,2.0
35.174.127.31,192.168.1.11,6,118,2974,DF,443.0,58215.0,2025-02-09 00:54:46+03:00,565.1111111111111,1,1.0
4.207.247.139,192.168.1.11,6,111,228,DF,443.0,57512.0,2025-02-09 00:54:51+03:00,228.0,1,0.0
192.168.1.1,224.0.0.1,2,1,60,DF,0.0,0.0,2025-02-09 00:54:57+03:00,60.0,1,0.0
185.137.235.80,192.168.1.11,6,56,56,DF,443.0,57489.0,2025-02-09 00:54:59+03:00,86.0,2,0.0
35.174.127.31,192.168.1.11,6,118,316,DF,443.0,57498.0,2025-02-09 00:55:02+03:00,316.0,1,0.0
35.174.127.31,192.168.1.11,6,118,2974,DF,443.0,58217.0,2025-02-09 00:55:11+03:00,630.25,1,1.0
149.154.167.50,192.168.1.11,6,53,56,DF,443.0,57452.0,2025-02-09 00:55:13+03:00,56.0,1,0.0
213.180.204.179,192.168.1.11,6,59,136,DF,443.0,58194.0,2025-02-09 00:55:23+03:00,136.0,1,0.0
149.154.167.50,192.168.1.11,6,53,159,DF,443.0,57452.0,2025-02-09 01:04:52+03:00,159.0,1,0.0
4.207.247.139,192.168.1.11,6,62,56,DF,443.0,57490.0,2025-02-09 01:04:54+03:00,56.0,1,0.0
149.154.167.50,192.168.1.11,6,53,56,DF,443.0,57452.0,2025-02-09 01:05:02+03:00,56.0,1,0.0
35.174.127.31,192.168.1.11,6,118,2974,DF,443.0,58275.0,2025-02-09 01:05:06+03:00,1033.3333333333333,1,0.0
213.180.204.179,192.168.1.11,6,59,66,DF,443.0,58194.0,2025-02-09 01:05:08+03:00,66.0,1,0.0
20.238.236.234,192.168.1.11,6,48,66,DF,443.0,57504.0,2025-02-09 01:05:13+03:00,66.0,1,0.0
20.54.232.160,192.168.1.11,6,113,60,DF,443.0,58262.0,2025-02-09 01:05:16+03:00,60.0,1,0.0
192.168.1.1,224.0.0.1,2,1,60,DF,0.0,0.0,2025-02-09 01:05:22+03:00,60.0,1,0.0
192.168.1.11,185.137.235.80,6,128,89,DF,57489.0,443.0,2025-02-09 01:05:24+03:00,127.4,1,1.0
20.238.236.234,192.168.1.11,6,48,56,DF,443.0,57504.0,2025-02-09 01:05:28+03:00,84.5,1,0.0
91.105.192.100,192.168.1.11,6,62,56,DF,443.0,58171.0,2025-02-09 01:05:31+03:00,56.0,1,0.0
91.105.192.100,192.168.1.11,6,56,56,DF,443.0,58083.0,2025-02-09 01:05:44+03:00,56.0,1,0.0
35.174.127.31,192.168.1.11,6,118,78,DF,443.0,58279.0,2025-02-09 01:05:50+03:00,63.5,1,4.0
149.154.167.50,192.168.1.11,6,53,143,DF,443.0,57452.0,2025-02-09 01:05:52+03:00,143.0,1,0.0
35.174.127.31,192.168.1.11,6,118,315,DF,443.0,57498.0,2025-02-09 01:05:58+03:00,315.0,1,0.0
104.18.27.90,192.168.1.11,6,58,66,DF,443.0,58281.0,2025-02-09 01:06:05+03:00,66.0,1,0.0
4.207.247.139,192.168.1.11,6,111,229,DF,443.0,57512.0,2025-02-09 01:06:06+03:00,229.0,1,0.0
213.180.204.179,192.168.1.11,6,59,66,DF,443.0,58194.0,2025-02-09 01:06:08+03:00,66.0,1,0.0
20.238.236.234,192.168.1.11,6,48,66,DF,443.0,57504.0,2025-02-09 01:06:13+03:00,66.0,1,0.0
91.105.192.100,192.168.1.11,6,55,56,DF,443.0,57949.0,2025-02-09 01:06:20+03:00,56.0,1,0.0
35.174.127.31,192.168.1.11,6,118,316,DF,443.0,57488.0,2025-02-09 01:06:24+03:00,316.0,1,0.0
20.189.173.10,192.168.1.11,6,104,60,DF,443.0,58272.0,2025-02-09 01:06:29+03:00,60.0,1,0.0
192.168.1.11,149.154.167.50,6,128,191,DF,57452.0,443.0,2025-02-09 01:06:37+03:00,209.85714285714286,1,0.0
192.168.1.1,192.168.1.11,17,64,144,DF,0.0,0.0,2025-02-09 01:06:42+03:00,144.0,1,0.0
34.237.73.95,192.168.1.11,6,118,2974,DF,443.0,58287.0,2025-02-09 01:06:48+03:00,630.25,1,1.0
4.207.247.139,192.168.1.11,6,111,229,DF,443.0,57512.0,2025-02-09 01:06:51+03:00,229.0,1,0.0
20.238.236.234,192.168.1.11,6,48,66,DF,443.0,57504.0,2025-02-09 01:06:58+03:00,66.0,1,0.0
213.180.204.179,192.168.1.11,6,59,136,DF,443.0,57519.0,2025-02-09 01:12:59+03:00,136.0,1,0.0
34.237.73.95,192.168.1.11,6,118,60,DF,443.0,58340.0,2025-02-09 01:13:06+03:00,63.0,1,0.0
213.180.204.179,192.168.1.11,6,59,66,DF,443.0,58194.0,2025-02-09 01:13:08+03:00,66.0,1,0.0
149.154.167.50,192.168.1.11,6,53,543,DF,443.0,57452.0,2025-02-09 01:13:08+03:00,543.0,1,0.0
104.18.26.90,192.168.1.11,6,58,60,DF,443.0,58337.0,2025-02-09 01:13:10+03:00,60.0,1,0.0
149.154.167.50,192.168.1.11,6,53,56,DF,443.0,57452.0,2025-02-09 01:13:18+03:00,56.0,1,0.0
213.180.204.179,192.168.1.11,6,59,136,DF,443.0,58194.0,2025-02-09 01:13:23+03:00,136.0,1,0.0
192.168.1.11,35.174.127.31,6,128,82,DF,57487.0,443.0,2025-02-09 01:13:23+03:00,86.66666666666667,1,0.0
192.168.1.1,192.168.1.11,17,64,104,DF,0.0,0.0,2025-02-09 01:54:55+03:00,104.0,1,0.0
20.238.236.234,192.168.1.11,6,48,66,DF,443.0,57504.0,2025-02-09 01:54:58+03:00,66.0,1,0.0
4.207.247.139,192.168.1.11,6,62,60,DF,443.0,57490.0,2025-02-09 01:55:01+03:00,58.0,1,0.0
192.168.1.1,192.168.1.11,17,64,117,DF,0.0,0.0,2025-02-09 01:55:05+03:00,137.5,1,0.0
104.18.94.41,192.168.1.11,17,58,65,DF,0.0,0.0,2025-02-09 01:55:06+03:00,118.5,1,0.0
185.137.235.80,192.168.1.11,6,56,66,DF,443.0,57489.0,2025-02-09 01:55:10+03:00,66.0,2,0.0
64.233.161.188,192.168.1.11,6,123,66,,5228.0,57503.0,2025-02-09 01:55:14+03:00,66.0,1,0.0
91.105.192.100,192.168.1.11,6,55,56,DF,443.0,58561.0,2025-02-09 01:55:16+03:00,56.0,1,0.0
149.154.167.50,192.168.1.11,6,53,56,DF,443.0,57452.0,2025-02-09 01:55:21+03:00,56.0,1,0.0
34.237.73.95,192.168.1.11,6,118,2974,DF,443.0,58618.0,2025-02-09 01:55:23+03:00,1109.0,1,1.0
192.168.1.11,185.137.235.80,6,128,183,DF,57489.0,443.0,2025-02-09 01:55:25+03:00,106.33333333333333,1,1.0
192.168.1.1,192.168.1.11,17,64,227,DF,0.0,0.0,2025-02-09 01:55:32+03:00,227.0,1,0.0
5.255.255.77,192.168.1.11,6,59,56,,443.0,58620.0,2025-02-09 01:55:33+03:00,380.0,1,0.0
192.168.1.11,35.174.127.31,6,128,1514,DF,58621.0,443.0,2025-02-09 01:55:35+03:00,292.0,2,0.0
5.255.255.77,192.168.1.11,6,59,60,,443.0,58622.0,2025-02-09 01:55:37+03:00,130.66666666666666,1,0.0
192.168.1.1,192.168.1.11,17,64,129,DF,0.0,0.0,2025-02-09 01:55:38+03:00,135.5,1,0.0
5.255.255.77,192.168.1.11,6,59,56,,443.0,58622.0,2025-02-09 01:55:41+03:00,387.6,1,1.0
192.168.1.11,5.255.255.77,6,128,1464,DF,58622.0,443.0,2025-02-09 01:55:45+03:00,390.875,1,0.0
5.255.255.77,192.168.1.11,6,59,56,,443.0,58626.0,2025-02-09 01:55:48+03:00,112.0,1,0.0
91.105.192.100,192.168.1.11,6,56,56,DF,443.0,58083.0,2025-02-09 01:55:55+03:00,56.0,1,0.0
5.255.255.77,192.168.1.11,6,59,60,,443.0,58628.0,2025-02-09 01:55:56+03:00,63.0,1,0.0
213.180.204.179,192.168.1.11,6,59,136,DF,443.0,57519.0,2025-02-09 01:55:59+03:00,136.0,1,0.0
91.105.192.100,192.168.1.11,6,56,56,DF,443.0,58594.0,2025-02-09 01:56:05+03:00,56.0,1,0.0
91.105.192.100,192.168.1.11,6,56,56,DF,443.0,58567.0,2025-02-09 01:56:06+03:00,56.0,1,0.0
213.180.204.179,192.168.1.11,6,59,66,DF,443.0,58194.0,2025-02-09 01:56:08+03:00,66.0,1,0.0
185.137.235.80,192.168.1.11,6,56,66,DF,443.0,57489.0,2025-02-09 01:56:11+03:00,66.0,2,0.0
35.174.127.31,192.168.1.11,6,118,2974,DF,443.0,58633.0,2025-02-09 01:56:13+03:00,621.375,1,1.0
35.174.127.31,192.168.1.11,6,118,317,DF,443.0,57488.0,2025-02-09 01:56:16+03:00,317.0,1,0.0
5.255.255.77,192.168.1.11,6,59,56,,443.0,58634.0,2025-02-09 01:56:18+03:00,112.0,1,0.0
213.180.193.234,192.168.1.11,6,59,66,DF,443.0,58635.0,2025-02-09 01:56:22+03:00,66.0,1,0.0
35.174.127.31,192.168.1.11,6,118,316,DF,443.0,57498.0,2025-02-09 01:56:24+03:00,316.0,1,0.0
185.137.235.80,192.168.1.11,6,56,56,DF,443.0,57489.0,2025-02-09 01:56:26+03:00,86.5,2,0.0
20.238.236.234,192.168.1.11,6,48,66,DF,443.0,57504.0,2025-02-09 01:56:28+03:00,66.0,1,0.0
5.255.255.77,192.168.1.11,6,59,60,,443.0,58637.0,2025-02-09 01:56:35+03:00,77.0,1,0.0
91.105.192.100,192.168.1.11,6,56,56,DF,443.0,58491.0,2025-02-09 01:56:42+03:00,56.0,1,0.0
91.105.192.100,192.168.1.11,6,56,56,DF,443.0,58463.0,2025-02-09 01:56:44+03:00,56.0,1,0.0
93.158.134.242,192.168.1.11,6,59,60,DF,443.0,58639.0,2025-02-09 01:56:45+03:00,72.5,1,0.0
91.105.192.100,192.168.1.11,6,56,56,DF,443.0,58461.0,2025-02-09 01:56:49+03:00,56.0,1,0.0
35.174.127.31,192.168.1.11,6,118,2974,DF,443.0,58641.0,2025-02-09 01:56:58+03:00,778.6666666666666,3,4.0
5.255.255.77,192.168.1.11,6,59,66,DF,443.0,58642.0,2025-02-09 01:57:05+03:00,66.0,1,0.0
192.168.1.11,104.18.27.90,6,128,54,DF,58643.0,443.0,2025-02-09 01:57:05+03:00,477.8333333333333,2,0.0
213.180.204.179,192.168.1.11,6,59,66,DF,443.0,58194.0,2025-02-09 01:57:08+03:00,66.0,1,0.0
185.137.235.80,192.168.1.11,6,56,66,DF,443.0,57489.0,2025-02-09 01:57:11+03:00,66.0,2,0.0
104.18.27.90,192.168.1.11,6,58,60,DF,443.0,58643.0,2025-02-09 01:57:15+03:00,60.0,1,0.0
213.180.204.179,192.168.1.11,6,59,136,DF,443.0,58194.0,2025-02-09 01:57:23+03:00,136.0,1,0.0
213.180.193.234,192.168.1.11,6,59,60,DF,443.0,58645.0,2025-02-09 01:57:25+03:00,81.66666666666667,1,0.0
192.168.1.1,224.0.0.1,2,1,60,DF,0.0,0.0,2025-02-09 01:57:27+03:00,60.0,1,0.0
35.174.127.31,192.168.1.11,6,118,66,DF,443.0,58647.0,2025-02-09 01:57:40+03:00,161.8,3,4.0
4.207.247.139,192.168.1.11,6,111,229,DF,443.0,57512.0,2025-02-09 01:57:52+03:00,229.0,1,0.0
91.105.192.100,192.168.1.11,6,56,56,DF,443.0,58083.0,2025-02-09 01:57:55+03:00,56.0,1,0.0
192.168.1.11,104.18.94.41,17,128,1292,DF,0.0,0.0,2025-02-09 01:58:05+03:00,257.25,2,0.0
192.168.1.1,192.168.1.11,17,64,296,DF,0.0,0.0,2025-02-09 01:58:07+03:00,283.0,1,0.0
35.174.127.31,192.168.1.11,6,118,66,DF,443.0,57469.0,2025-02-09 01:58:08+03:00,66.0,1,0.0
149.154.167.50,192.168.1.11,6,53,143,DF,443.0,57452.0,2025-02-09 01:58:11+03:00,143.0,1,0.0
20.238.236.234,192.168.1.11,6,48,66,DF,443.0,57504.0,2025-02-09 01:58:13+03:00,66.0,1,0.0
5.255.255.77,192.168.1.11,6,59,60,,443.0,58651.0,2025-02-09 01:58:19+03:00,63.0,1,0.0
5.255.255.77,192.168.1.11,6,59,56,,443.0,58651.0,2025-02-09 01:58:21+03:00,116.33333333333333,1,0.0
35.174.127.31,192.168.1.11,6,118,321,DF,443.0,57488.0,2025-02-09 01:58:24+03:00,321.0,1,0.0
192.168.1.11,142.251.1.94,17,128,73,DF,0.0,0.0,2025-02-09 01:58:27+03:00,104.0,2,0.0
192.168.1.11,35.174.127.31,6,128,294,DF,57491.0,443.0,2025-02-09 01:58:28+03:00,502.0,2,0.0
192.168.1.11,142.251.1.94,17,128,1292,DF,0.0,0.0,2025-02-09 01:58:29+03:00,280.5,1,0.0
142.251.1.94,192.168.1.11,17,60,69,DF,0.0,0.0,2025-02-09 01:58:31+03:00,69.0,1,0.0
192.168.1.11,142.251.1.94,17,128,1292,DF,0.0,0.0,2025-02-09 01:58:32+03:00,560.7142857142857,1,0.0
192.168.1.11,35.174.127.31,6,128,54,DF,57498.0,443.0,2025-02-09 01:58:32+03:00,437.1666666666667,2,0.0
5.255.255.77,192.168.1.11,6,59,93,,443.0,58653.0,2025-02-09 01:58:36+03:00,77.0,1,0.0
5.255.255.77,192.168.1.11,6,59,66,DF,443.0,58656.0,2025-02-09 01:58:41+03:00,66.0,1,0.0
91.105.192.100,192.168.1.11,6,62,56,DF,443.0,58491.0,2025-02-09 01:58:42+03:00,56.0,1,0.0
35.174.127.31,192.168.1.11,6,118,316,DF,443.0,57491.0,2025-02-09 01:58:44+03:00,316.0,1,0.0
91.105.192.100,192.168.1.11,6,56,56,DF,443.0,58461.0,2025-02-09 01:58:50+03:00,56.0,1,0.0
5.255.255.77,192.168.1.11,6,59,66,DF,443.0,58659.0,2025-02-09 01:58:54+03:00,66.0,1,0.0
149.154.167.50,192.168.1.11,6,53,56,DF,443.0,57452.0,2025-02-09 01:58:59+03:00,56.0,1,0.0
104.18.27.90,192.168.1.11,6,58,66,DF,443.0,58661.0,2025-02-09 01:59:05+03:00,66.0,1,0.0
5.255.255.77,192.168.1.11,6,59,66,DF,443.0,58662.0,2025-02-09 01:59:06+03:00,66.0,1,0.0
35.174.127.31,192.168.1.11,6,118,2974,DF,443.0,58663.0,2025-02-09 01:59:06+03:00,629.0,1,1.0
213.180.204.179,192.168.1.11,6,59,66,DF,443.0,58194.0,2025-02-09 01:59:08+03:00,66.0,1,0.0
2.19.204.130,192.168.1.11,6,59,866,DF,443.0,58664.0,2025-02-09 01:59:09+03:00,273.0,1,1.0
35.174.127.31,192.168.1.11,6,118,315,DF,443.0,57491.0,2025-02-09 01:59:16+03:00,315.0,1,0.0
35.174.127.31,192.168.1.11,6,118,2974,DF,443.0,58666.0,2025-02-09 01:59:19+03:00,625.0,1,1.0
213.180.204.179,192.168.1.11,6,59,136,DF,443.0,58194.0,2025-02-09 01:59:23+03:00,136.0,1,0.0
192.168.1.11,185.137.235.80,6,128,89,DF,57489.0,443.0,2025-02-09 01:59:24+03:00,84.8,1,1.0
185.137.235.80,192.168.1.11,6,56,56,DF,443.0,57489.0,2025-02-09 01:59:28+03:00,86.5,2,0.0
91.105.192.100,192.168.1.11,6,55,56,DF,443.0,58338.0,2025-02-09 01:59:29+03:00,56.0,1,0.0
192.168.1.1,224.0.0.1,2,1,60,DF,0.0,0.0,2025-02-09 01:59:32+03:00,60.0,1,0.0
149.154.167.50,192.168.1.11,6,53,56,DF,443.0,57452.0,2025-02-09 01:59:34+03:00,99.5,1,0.0
20.238.236.234,192.168.1.11,6,48,66,DF,443.0,57504.0,2025-02-09 01:59:43+03:00,66.0,1,0.0
35.174.127.31,192.168.1.11,6,118,78,DF,443.0,58669.0,2025-02-09 01:59:46+03:00,78.0,1,0.0
20.72.150.55,192.168.1.11,6,108,1304,DF,443.0,58671.0,2025-02-09 01:59:46+03:00,1304.0,1,0.0
192.168.1.11,35.174.127.31,6,128,54,DF,58672.0,443.0,2025-02-09 02:00:00+03:00,230.0,1,0.0
91.105.192.100,192.168.1.11,6,56,56,DF,443.0,58594.0,2025-02-09 02:00:05+03:00,56.0,1,0.0
104.18.27.90,192.168.1.11,6,58,60,DF,443.0,58674.0,2025-02-09 02:00:06+03:00,60.0,1,0.0
4.207.247.139,192.168.1.11,6,111,229,DF,443.0,57512.0,2025-02-09 02:00:07+03:00,229.0,1,0.0
192.168.1.1,192.168.1.11,17,64,270,DF,0.0,0.0,2025-02-09 02:00:08+03:00,283.0,1,0.0
35.174.127.31,192.168.1.11,6,115,316,DF,443.0,57488.0,2025-02-09 02:00:16+03:00,191.0,2,7.0
35.174.127.31,192.168.1.11,6,118,315,DF,443.0,57491.0,2025-02-09 02:00:20+03:00,315.0,1,0.0
213.180.204.179,192.168.1.11,6,59,136,DF,443.0,58194.0,2025-02-09 02:00:23+03:00,136.0,1,0.0
20.72.150.55,192.168.1.11,6,108,1303,DF,443.0,58671.0,2025-02-09 02:00:24+03:00,1303.0,1,0.0
213.180.193.234,192.168.1.11,6,59,60,DF,443.0,58677.0,2025-02-09 02:00:26+03:00,81.66666666666667,1,0.0
20.238.236.234,192.168.1.11,6,48,66,DF,443.0,57504.0,2025-02-09 02:00:28+03:00,66.0,1,0.0
35.174.127.31,192.168.1.11,6,115,317,DF,443.0,57488.0,2025-02-09 02:00:32+03:00,315.6666666666667,3,8.0
91.105.192.100,192.168.1.11,6,62,56,DF,443.0,58463.0,2025-02-09 02:00:45+03:00,56.0,1,0.0
192.168.1.11,149.154.167.223,6,128,282,DF,58699.0,80.0,2025-02-09 02:00:49+03:00,99.6,2,0.0
192.168.1.11,149.154.167.223,6,128,54,DF,58709.0,443.0,2025-02-09 02:00:51+03:00,54.0,1,0.0
4.207.247.139,192.168.1.11,6,62,56,DF,443.0,57490.0,2025-02-09 02:00:54+03:00,113.66666666666667,2,2.0
35.174.127.31,192.168.1.11,6,115,314,DF,443.0,57498.0,2025-02-09 02:00:56+03:00,314.0,1,0.0
149.154.167.223,192.168.1.11,6,54,56,DF,443.0,58698.0,2025-02-09 02:01:00+03:00,56.0,1,0.0
35.174.127.31,192.168.1.11,6,115,316,DF,443.0,57488.0,2025-02-09 02:01:04+03:00,316.0,1,0.0
104.18.94.41,192.168.1.11,17,58,65,DF,0.0,0.0,2025-02-09 02:01:06+03:00,65.5,1,0.0
192.168.1.11,2.16.103.82,6,128,1438,DF,58715.0,443.0,2025-02-09 02:01:07+03:00,468.0,1,0.0
213.180.204.179,192.168.1.11,6,59,66,DF,443.0,58194.0,2025-02-09 02:01:08+03:00,66.0,1,0.0
20.238.236.234,192.168.1.11,6,48,66,DF,443.0,57504.0,2025-02-09 02:01:13+03:00,66.0,1,0.0
91.105.192.100,192.168.1.11,6,62,56,DF,443.0,58561.0,2025-02-09 02:01:17+03:00,56.0,1,0.0
213.180.204.179,192.168.1.11,6,59,136,DF,443.0,58194.0,2025-02-09 02:01:23+03:00,136.0,1,0.0
185.137.235.80,192.168.1.11,6,56,56,DF,443.0,57489.0,2025-02-09 02:01:24+03:00,70.5,2,1.0
91.105.192.100,192.168.1.11,6,55,56,DF,443.0,58338.0,2025-02-09 02:01:29+03:00,56.0,1,0.0
192.168.1.1,192.168.1.11,17,64,121,DF,0.0,0.0,2025-02-09 02:01:32+03:00,145.0,1,0.0
91.105.192.100,192.168.1.11,6,56,56,DF,443.0,58083.0,2025-02-09 02:03:58+03:00,58.0,1,0.0
192.168.1.11,77.88.44.55,6,128,1464,DF,58735.0,443.0,2025-02-09 02:04:05+03:00,245.75,2,0.0
192.168.1.1,192.168.1.11,17,64,296,DF,0.0,0.0,2025-02-09 02:04:07+03:00,283.0,1,0.0
213.180.204.179,192.168.1.11,6,59,66,DF,443.0,58194.0,2025-02-09 02:04:08+03:00,66.0,1,0.0
95.101.78.40,192.168.1.11,6,56,731,DF,443.0,58736.0,2025-02-09 02:04:08+03:00,298.0,1,3.0
149.154.167.50,192.168.1.11,6,53,143,DF,443.0,57452.0,2025-02-09 02:04:19+03:00,143.0,1,0.0
35.174.127.31,192.168.1.11,6,115,2974,DF,443.0,58737.0,2025-02-09 02:04:21+03:00,630.25,1,1.0
185.137.235.80,192.168.1.11,6,56,56,DF,443.0,57489.0,2025-02-09 02:04:24+03:00,70.5,2,1.0
91.105.192.100,192.168.1.11,6,56,56,DF,443.0,58463.0,2025-02-09 02:06:46+03:00,56.0,2,5.0
4.207.247.139,192.168.1.11,6,111,229,DF,443.0,57512.0,2025-02-09 02:06:52+03:00,229.0,1,0.0
4.207.247.139,192.168.1.11,6,62,56,DF,443.0,57490.0,2025-02-09 02:06:56+03:00,56.0,1,0.0
185.137.235.80,192.168.1.11,6,56,898,DF,443.0,57489.0,2025-02-09 02:06:59+03:00,898.0,2,0.0
91.105.192.100,192.168.1.11,6,56,56,DF,443.0,58463.0,2025-02-09 02:10:48+03:00,56.0,1,0.0
34.237.73.95,192.168.1.11,6,118,359,DF,443.0,58792.0,2025-02-09 02:10:51+03:00,157.2,1,0.0
20.238.236.234,192.168.1.11,6,48,66,DF,443.0,57504.0,2025-02-09 02:10:58+03:00,66.0,1,0.0
64.233.161.188,192.168.1.11,6,123,66,,5228.0,57503.0,2025-02-09 02:10:59+03:00,66.0,1,0.0
192.168.1.11,104.18.27.90,6,128,66,DF,58793.0,443.0,2025-02-09 02:11:05+03:00,624.0,2,0.0
213.180.204.179,192.168.1.11,6,59,66,DF,443.0,58194.0,2025-02-09 02:11:08+03:00,66.0,1,0.0
91.105.192.100,192.168.1.11,6,55,56,DF,443.0,58759.0,2025-02-09 02:11:10+03:00,56.0,1,0.0
35.174.127.31,192.168.1.11,6,113,315,DF,443.0,57491.0,2025-02-09 02:11:16+03:00,315.0,1,0.0
35.174.127.31,192.168.1.11,6,115,320,DF,443.0,57498.0,2025-02-09 02:11:20+03:00,320.0,1,0.0
4.207.247.139,192.168.1.11,6,111,229,DF,443.0,57512.0,2025-02-09 02:11:22+03:00,229.0,1,0.0
34.237.73.95,192.168.1.11,6,118,66,DF,443.0,58797.0,2025-02-09 02:11:30+03:00,66.0,1,0.0
35.174.127.31,192.168.1.11,6,113,56,DF,443.0,57491.0,2025-02-09 02:11:32+03:00,186.0,1,0.0
149.154.167.50,192.168.1.11,6,53,56,DF,443.0,57452.0,2025-02-09 02:11:34+03:00,99.5,1,0.0
192.168.1.1,192.168.1.11,17,64,189,DF,0.0,0.0,2025-02-09 02:11:40+03:00,189.0,1,0.0
192.168.1.11,52.85.49.87,6,128,54,DF,58808.0,443.0,2025-02-09 02:11:41+03:00,54.0,1,0.0
20.238.236.234,192.168.1.11,6,48,66,DF,443.0,57504.0,2025-02-09 02:11:43+03:00,66.0,1,0.0
35.174.127.31,192.168.1.11,6,115,359,DF,443.0,58810.0,2025-02-09 02:11:46+03:00,169.28571428571428,2,4.0
35.174.127.31,192.168.1.11,6,115,314,DF,443.0,57498.0,2025-02-09 02:11:52+03:00,314.0,1,0.0
35.174.127.31,192.168.1.11,6,115,2974,DF,443.0,58811.0,2025-02-09 02:11:56+03:00,810.1666666666666,1,1.0
192.168.1.1,224.0.0.1,2,1,60,DF,0.0,0.0,2025-02-09 02:12:01+03:00,60.0,1,0.0
35.174.127.31,192.168.1.11,6,113,316,DF,443.0,57491.0,2025-02-09 02:12:04+03:00,316.0,1,0.0
64.233.161.188,192.168.1.11,6,123,66,,5228.0,57503.0,2025-02-09 02:22:14+03:00,66.0,1,0.0
185.137.235.80,192.168.1.11,6,56,56,DF,443.0,57489.0,2025-02-09 02:22:24+03:00,70.5,2,1.0
192.168.1.1,224.0.0.1,2,1,60,DF,0.0,0.0,2025-02-09 02:22:26+03:00,130.0,1,0.0
192.168.1.1,192.168.1.11,17,64,121,DF,0.0,0.0,2025-02-09 02:22:31+03:00,145.0,1,0.0
4.207.247.139,192.168.1.11,6,111,229,DF,443.0,57512.0,2025-02-09 02:22:37+03:00,229.0,1,0.0
149.154.167.50,192.168.1.11,6,53,56,DF,443.0,57452.0,2025-02-09 02:22:42+03:00,99.5,1,0.0
35.174.127.31,192.168.1.11,6,118,316,DF,443.0,57498.0,2025-02-09 02:22:48+03:00,316.0,1,0.0
213.180.204.179,192.168.1.11,6,59,136,DF,443.0,58194.0,2025-02-09 02:35:23+03:00,136.0,1,0.0
192.168.1.11,34.237.73.95,6,128,1514,DF,59048.0,443.0,2025-02-09 02:35:28+03:00,354.75,1,0.0
192.168.1.11,34.237.73.95,6,128,54,DF,59048.0,443.0,2025-02-09 02:35:28+03:00,215.2,1,0.0
35.174.127.31,192.168.1.11,6,116,359,DF,443.0,60221.0,2025-02-09 07:23:54+03:00,161.6,1,1.0
149.154.167.51,192.168.1.11,6,53,56,DF,443.0,60090.0,2025-02-09 07:23:57+03:00,56.0,1,0.0
13.107.137.11,192.168.1.11,6,116,60,DF,443.0,60165.0,2025-02-09 07:24:00+03:00,60.0,1,0.0
192.168.1.1,192.168.1.11,17,64,121,DF,0.0,0.0,2025-02-09 07:24:08+03:00,145.0,1,0.0
20.54.232.160,192.168.1.11,6,113,60,DF,443.0,60126.0,2025-02-09 07:24:08+03:00,60.0,2,0.0
192.168.1.1,192.168.1.11,17,64,144,DF,0.0,0.0,2025-02-09 07:24:09+03:00,144.0,1,0.0
20.238.236.234,192.168.1.11,6,50,66,DF,443.0,60158.0,2025-02-09 07:24:17+03:00,66.0,1,0.0
34.237.73.95,192.168.1.11,6,118,2974,DF,443.0,60225.0,2025-02-09 07:24:24+03:00,709.4285714285714,1,0.0
185.137.235.180,192.168.1.11,6,56,66,DF,443.0,60198.0,2025-02-09 07:24:25+03:00,66.0,1,0.0
192.168.1.11,239.255.255.250,2,1,46,,0.0,0.0,2025-02-09 07:24:29+03:00,83.85714285714286,2,0.0
185.137.235.180,192.168.1.11,6,56,66,DF,443.0,60155.0,2025-02-09 07:24:32+03:00,66.0,1,0.0
149.154.167.51,192.168.1.11,6,53,56,DF,443.0,60090.0,2025-02-09 07:24:35+03:00,107.5,1,0.0
192.168.1.11,185.137.235.180,6,128,181,DF,60155.0,443.0,2025-02-09 07:24:40+03:00,102.16666666666667,1,0.0
213.180.204.179,192.168.1.11,6,59,136,DF,443.0,60110.0,2025-02-09 07:24:41+03:00,136.0,1,0.0
91.105.192.100,192.168.1.11,6,56,56,DF,443.0,60085.0,2025-02-09 07:24:42+03:00,56.0,1,0.0
185.137.235.180,192.168.1.11,6,56,56,DF,443.0,60155.0,2025-02-09 07:24:47+03:00,70.5,1,0.0
35.174.127.31,192.168.1.11,6,116,56,DF,443.0,60144.0,2025-02-09 07:24:52+03:00,186.25,2,0.0
4.207.247.137,192.168.1.11,6,62,56,DF,443.0,60139.0,2025-02-09 07:24:56+03:00,56.0,1,0.0
20.238.236.234,192.168.1.11,6,50,66,DF,443.0,60158.0,2025-02-09 07:25:02+03:00,66.0,1,0.0
192.168.1.11,35.174.127.31,6,128,54,DF,60144.0,443.0,2025-02-09 07:25:08+03:00,54.0,1,0.0
34.237.73.95,192.168.1.11,6,118,2974,DF,443.0,60229.0,2025-02-09 07:25:09+03:00,629.5,1,0.0
185.137.235.180,192.168.1.11,6,56,868,DF,443.0,60198.0,2025-02-09 07:25:12+03:00,868.0,2,0.0
34.237.73.95,192.168.1.11,6,118,66,DF,443.0,60230.0,2025-02-09 07:25:22+03:00,66.0,1,0.0
192.168.1.11,35.174.127.31,6,128,293,DF,60140.0,443.0,2025-02-09 07:25:23+03:00,150.75,1,0.0
192.168.1.1,192.168.1.11,17,64,377,DF,0.0,0.0,2025-02-09 08:32:58+03:00,249.0,1,0.0
192.168.1.11,104.18.94.41,17,128,1286,DF,0.0,0.0,2025-02-09 08:33:00+03:00,276.375,2,0.0
192.168.1.11,192.168.1.1,17,128,69,,0.0,0.0,2025-02-09 08:33:02+03:00,414.125,2,0.0
104.18.27.90,192.168.1.11,6,58,60,DF,443.0,60428.0,2025-02-09 08:33:02+03:00,60.0,1,0.0
34.237.73.95,192.168.1.11,6,118,314,DF,443.0,60399.0,2025-02-09 08:33:04+03:00,314.0,1,0.0
192.168.1.1,192.168.1.11,17,64,121,DF,0.0,0.0,2025-02-09 08:33:05+03:00,145.0,1,0.0
149.154.167.51,192.168.1.11,6,54,56,DF,443.0,60276.0,2025-02-09 08:33:06+03:00,119.33333333333333,1,0.0
34.237.73.95,192.168.1.11,6,118,320,DF,443.0,60404.0,2025-02-09 08:33:09+03:00,320.0,1,0.0
192.168.1.1,224.0.0.1,2,1,60,DF,0.0,0.0,2025-02-09 08:33:14+03:00,60.0,1,0.0
20.238.236.234,192.168.1.11,6,50,66,DF,443.0,60393.0,2025-02-09 08:33:21+03:00,66.0,1,0.0
213.180.193.226,192.168.1.11,6,59,2494,DF,443.0,60432.0,2025-02-09 08:33:25+03:00,759.2,1,0.0
35.174.127.31,192.168.1.11,6,118,2974,DF,443.0,60433.0,2025-02-09 08:33:32+03:00,1072.5,1,0.0
185.137.235.80,192.168.1.11,6,56,66,DF,443.0,60355.0,2025-02-09 08:33:33+03:00,66.0,1,0.0
185.137.235.80,192.168.1.11,6,56,56,DF,443.0,60413.0,2025-02-09 08:33:39+03:00,70.5,1,0.0
91.105.192.100,192.168.1.11,6,55,56,DF,443.0,60332.0,2025-02-09 08:33:47+03:00,56.0,1,0.0
91.105.192.100,192.168.1.11,6,55,56,DF,443.0,60342.0,2025-02-09 08:33:47+03:00,56.0,2,0.0
192.168.1.11,185.137.235.80,6,128,89,DF,60355.0,443.0,2025-02-09 08:33:48+03:00,61.0,2,0.0
91.105.192.100,192.168.1.11,6,55,288,DF,80.0,60281.0,2025-02-09 08:33:53+03:00,288.0,1,0.0
52.105.150.39,192.168.1.11,6,110,60,DF,443.0,60409.0,2025-02-09 08:34:00+03:00,60.0,1,0.0
192.168.1.11,2.16.103.82,6,128,1438,DF,60435.0,443.0,2025-02-09 08:34:01+03:00,411.75,1,0.0
192.168.1.11,91.105.192.100,6,128,222,DF,60282.0,80.0,2025-02-09 08:34:02+03:00,353.0,2,0.0
34.237.73.95,192.168.1.11,6,118,56,DF,443.0,60403.0,2025-02-09 08:34:05+03:00,70.66666666666667,2,1.0
149.154.167.51,192.168.1.11,6,54,143,DF,443.0,60276.0,2025-02-09 08:34:06+03:00,143.0,1,0.0
20.238.236.234,192.168.1.11,6,50,66,DF,443.0,60393.0,2025-02-09 08:34:06+03:00,66.0,1,0.0
192.168.1.11,34.237.73.95,6,128,1514,DF,60437.0,443.0,2025-02-09 08:34:23+03:00,318.3333333333333,3,10.0
192.168.1.11,34.237.73.95,6,128,54,DF,60437.0,443.0,2025-02-09 08:34:23+03:00,103.33333333333333,1,0.0
192.168.1.11,108.157.214.13,6,128,66,DF,60505.0,443.0,2025-02-09 08:40:08+03:00,141.0,3,0.0
34.237.73.95,192.168.1.11,6,118,56,DF,443.0,60399.0,2025-02-09 08:40:16+03:00,185.0,1,0.0
185.137.235.80,192.168.1.11,6,56,66,DF,443.0,60413.0,2025-02-09 08:40:28+03:00,66.0,1,0.0
149.154.167.51,192.168.1.11,6,54,159,DF,443.0,60276.0,2025-02-09 08:40:34+03:00,159.0,1,0.0
192.168.1.1,192.168.1.11,17,64,121,DF,0.0,0.0,2025-02-09 08:40:37+03:00,145.0,1,0.0
91.105.192.100,192.168.1.11,6,55,288,DF,80.0,60282.0,2025-02-09 08:40:44+03:00,288.0,1,0.0
34.237.73.95,192.168.1.11,6,118,314,DF,443.0,60399.0,2025-02-09 08:40:48+03:00,314.0,1,0.0
192.168.1.11,2.16.103.82,6,128,1438,DF,60561.0,443.0,2025-02-09 08:49:01+03:00,416.25,1,0.0
2.16.103.82,192.168.1.11,6,59,865,DF,443.0,60561.0,2025-02-09 08:49:01+03:00,345.0,1,0.0
64.233.165.188,192.168.1.11,6,123,66,,5228.0,60389.0,2025-02-09 08:49:06+03:00,66.0,1,0.0
192.168.1.1,192.168.1.11,17,64,121,DF,0.0,0.0,2025-02-09 08:49:42+03:00,145.0,1,0.0
192.168.1.11,91.105.192.100,6,128,334,DF,60281.0,80.0,2025-02-09 08:49:46+03:00,155.4,2,0.0
192.168.1.1,192.168.1.11,17,64,255,DF,0.0,0.0,2025-02-09 08:49:50+03:00,255.0,1,0.0
64.233.165.188,192.168.1.11,6,123,66,,5228.0,60389.0,2025-02-09 08:49:51+03:00,66.0,1,0.0
192.168.1.1,224.0.0.1,2,1,60,DF,0.0,0.0,2025-02-09 08:49:54+03:00,60.0,1,0.0
4.207.247.137,192.168.1.11,6,62,56,DF,443.0,60363.0,2025-02-09 08:49:56+03:00,56.0,1,0.0
104.18.27.90,192.168.1.11,6,58,56,DF,443.0,60569.0,2025-02-09 08:49:59+03:00,402.75,1,0.0
104.18.27.90,192.168.1.11,6,58,60,DF,443.0,60569.0,2025-02-09 08:49:59+03:00,60.0,1,0.0
91.105.192.100,192.168.1.11,6,55,56,DF,80.0,60282.0,2025-02-09 09:07:04+03:00,172.0,1,0.0
2.18.24.11,192.168.1.11,6,48,60,DF,443.0,60765.0,2025-02-09 09:07:06+03:00,69.0,1,0.0
192.168.1.11,34.237.73.95,6,128,54,DF,60767.0,443.0,2025-02-09 09:07:21+03:00,213.0,1,0.0
149.154.167.51,192.168.1.11,6,54,143,DF,443.0,60276.0,2025-02-09 09:07:24+03:00,143.0,1,0.0
192.168.1.11,34.237.73.95,6,128,54,DF,60768.0,443.0,2025-02-09 09:07:33+03:00,103.33333333333333,1,0.0
213.180.204.179,192.168.1.11,6,59,66,DF,443.0,60659.0,2025-02-09 09:11:34+03:00,66.0,1,0.0
34.237.73.95,192.168.1.11,6,118,2974,DF,443.0,60790.0,2025-02-09 09:11:35+03:00,621.375,1,0.0
185.137.235.80,192.168.1.11,6,56,56,DF,443.0,60413.0,2025-02-09 09:11:39+03:00,70.5,1,0.0
213.180.193.234,192.168.1.11,6,59,66,DF,443.0,60791.0,2025-02-09 09:11:43+03:00,66.0,1,0.0
34.237.73.95,192.168.1.11,6,118,316,DF,443.0,60399.0,2025-02-09 09:11:44+03:00,316.0,1,0.0
185.137.235.80,192.168.1.11,6,56,56,DF,443.0,60355.0,2025-02-09 09:11:48+03:00,70.5,1,0.0
91.105.192.100,192.168.1.11,6,56,56,DF,80.0,60306.0,2025-02-09 09:11:54+03:00,56.0,1,0.0
192.168.1.11,91.105.192.100,6,128,281,DF,60281.0,80.0,2025-02-09 09:11:56+03:00,145.8,2,1.0
91.105.192.100,192.168.1.11,6,56,56,DF,443.0,60338.0,2025-02-09 09:11:59+03:00,56.0,1,1.0
192.168.1.11,34.237.73.95,6,128,294,DF,60399.0,443.0,2025-02-09 09:12:00+03:00,697.4444444444445,2,0.0
192.168.1.1,192.168.1.11,17,64,296,DF,0.0,0.0,2025-02-09 09:12:02+03:00,283.0,1,0.0
2.19.204.130,192.168.1.11,6,59,731,DF,443.0,60794.0,2025-02-09 09:12:02+03:00,731.0,1,0.0
4.207.247.137,192.168.1.11,6,62,56,DF,443.0,60363.0,2025-02-09 09:12:03+03:00,56.0,1,0.0
104.18.26.90,192.168.1.11,6,58,60,DF,443.0,60793.0,2025-02-09 09:12:07+03:00,60.0,1,0.0
192.168.1.11,35.174.127.31,6,128,1514,DF,60796.0,443.0,2025-02-09 09:12:20+03:00,288.0,1,0.0
149.154.167.51,192.168.1.11,6,54,143,DF,443.0,60276.0,2025-02-09 09:12:26+03:00,143.0,1,0.0
20.238.236.234,192.168.1.11,6,50,66,DF,443.0,60393.0,2025-02-09 09:12:36+03:00,66.0,1,0.0
185.137.235.80,192.168.1.11,6,56,56,DF,443.0,60413.0,2025-02-09 09:12:39+03:00,70.5,1,0.0
185.137.235.80,192.168.1.11,6,56,66,DF,443.0,60355.0,2025-02-09 09:12:47+03:00,66.0,1,0.0
192.168.1.1,224.0.0.1,2,1,60,DF,0.0,0.0,2025-02-09 09:12:48+03:00,60.0,1,0.0
149.154.167.51,192.168.1.11,6,54,159,DF,443.0,60276.0,2025-02-09 09:12:55+03:00,159.0,1,0.0
104.18.94.41,192.168.1.11,17,58,1242,DF,0.0,0.0,2025-02-09 09:12:59+03:00,1242.0,1,0.0
192.168.1.11,2.19.204.130,6,128,1438,DF,60799.0,443.0,2025-02-09 09:13:01+03:00,338.75,1,0.0
192.168.1.11,192.168.1.1,17,128,69,,0.0,0.0,2025-02-09 09:13:02+03:00,454.1666666666667,2,0.0
34.237.73.95,192.168.1.11,6,116,316,DF,443.0,60399.0,2025-02-09 09:13:04+03:00,316.0,1,0.0
91.105.192.100,192.168.1.11,6,55,288,DF,80.0,60281.0,2025-02-09 09:13:11+03:00,288.0,1,0.0
149.154.167.51,192.168.1.11,6,54,56,DF,443.0,60276.0,2025-02-09 09:13:12+03:00,107.5,1,0.0
35.174.127.31,192.168.1.11,6,118,2974,DF,443.0,60801.0,2025-02-09 09:13:19+03:00,869.2,1,0.0
91.105.192.100,192.168.1.11,6,55,56,DF,80.0,60282.0,2025-02-09 09:13:21+03:00,172.0,1,0.0
20.238.236.234,192.168.1.11,6,50,66,DF,443.0,60393.0,2025-02-09 09:13:21+03:00,66.0,1,0.0
213.180.204.179,192.168.1.11,6,59,66,DF,443.0,60659.0,2025-02-09 09:13:34+03:00,66.0,1,0.0
192.168.1.11,185.137.235.80,6,128,89,DF,60413.0,443.0,2025-02-09 09:13:39+03:00,221.66666666666666,2,0.0
34.237.73.95,192.168.1.11,6,116,317,DF,443.0,60404.0,2025-02-09 09:13:46+03:00,317.0,1,0.0
192.168.1.11,35.174.127.31,6,128,1514,DF,60804.0,443.0,2025-02-09 09:13:51+03:00,332.75,1,0.0
91.105.192.100,192.168.1.11,6,56,56,DF,80.0,60306.0,2025-02-09 09:13:55+03:00,56.0,1,0.0
192.168.1.1,192.168.1.11,17,64,161,DF,0.0,0.0,2025-02-09 09:13:59+03:00,127.0,1,0.0
185.137.235.80,192.168.1.11,6,56,56,DF,443.0,60355.0,2025-02-09 09:14:04+03:00,56.0,2,0.0
192.168.1.11,34.237.73.95,6,128,293,DF,60399.0,443.0,2025-02-09 09:14:08+03:00,96.28571428571429,1,4.0
35.174.127.31,192.168.1.11,6,118,2974,DF,443.0,60806.0,2025-02-09 09:14:10+03:00,709.4285714285714,1,0.0
91.105.192.100,192.168.1.11,6,55,56,DF,80.0,60282.0,2025-02-09 09:14:11+03:00,56.0,1,0.0
34.237.73.95,192.168.1.11,6,118,315,DF,443.0,60399.0,2025-02-09 09:18:56+03:00,315.0,1,0.0
91.105.192.100,192.168.1.11,6,55,56,DF,80.0,60304.0,2025-02-09 09:24:24+03:00,56.0,1,0.0
149.154.167.51,192.168.1.11,6,54,56,DF,443.0,60276.0,2025-02-09 09:24:26+03:00,99.5,1,0.0
213.180.204.179,192.168.1.11,6,59,66,DF,443.0,60659.0,2025-02-09 09:24:34+03:00,66.0,1,0.0
213.180.204.179,192.168.1.11,6,59,66,DF,443.0,60659.0,2025-02-09 09:26:34+03:00,66.0,1,0.0
91.105.192.100,192.168.1.11,6,55,56,DF,443.0,60332.0,2025-02-09 09:30:03+03:00,56.0,2,0.0
20.238.236.234,192.168.1.11,6,50,66,DF,443.0,60393.0,2025-02-09 09:30:06+03:00,66.0,1,0.0
185.137.235.80,192.168.1.11,6,56,56,DF,443.0,60355.0,2025-02-09 09:30:13+03:00,86.0,2,0.0
0.0.0.0,255.255.255.255,17,64,362,DF,0.0,0.0,2025-02-09 09:30:20+03:00,362.0,1,0.0
91.105.192.100,192.168.1.11,6,55,56,DF,80.0,60304.0,2025-02-09 09:30:27+03:00,56.0,1,0.0
34.237.73.95,192.168.1.11,6,118,317,DF,443.0,60404.0,2025-02-09 09:30:34+03:00,317.0,1,0.0
34.237.73.95,192.168.1.11,6,116,2974,DF,443.0,60907.0,2025-02-09 09:30:36+03:00,565.3333333333334,1,1.0
185.137.235.80,192.168.1.11,6,56,56,DF,443.0,60413.0,2025-02-09 09:30:39+03:00,70.5,1,0.0
185.137.235.80,192.168.1.11,6,56,85,DF,443.0,60355.0,2025-02-09 09:30:48+03:00,85.0,1,0.0
20.238.236.234,192.168.1.11,6,50,66,DF,443.0,60393.0,2025-02-09 09:30:51+03:00,66.0,1,0.0
34.237.73.95,192.168.1.11,6,118,2974,DF,443.0,60909.0,2025-02-09 09:30:58+03:00,776.8333333333334,2,2.0
34.237.73.95,192.168.1.11,6,118,56,DF,443.0,60909.0,2025-02-09 09:30:59+03:00,56.0,1,0.0
2.16.103.82,192.168.1.11,6,59,56,DF,443.0,60910.0,2025-02-09 09:31:01+03:00,60.666666666666664,1,0.0
34.237.73.95,192.168.1.11,6,118,78,DF,443.0,60909.0,2025-02-09 09:31:04+03:00,78.0,1,0.0
185.137.235.80,192.168.1.11,6,56,116,DF,443.0,60355.0,2025-02-09 09:31:13+03:00,86.0,2,0.0
34.237.73.95,192.168.1.11,6,116,2974,DF,443.0,60912.0,2025-02-09 09:31:24+03:00,565.3333333333334,1,1.0
149.154.167.51,192.168.1.11,6,54,56,DF,443.0,60276.0,2025-02-09 09:37:04+03:00,56.0,1,0.0
34.237.73.95,192.168.1.11,6,118,317,DF,443.0,60404.0,2025-02-09 09:37:14+03:00,317.0,1,0.0
35.174.127.31,192.168.1.11,6,116,66,DF,443.0,60971.0,2025-02-09 09:37:19+03:00,66.0,1,0.0
93.158.134.242,192.168.1.11,6,59,66,DF,443.0,60972.0,2025-02-09 09:37:19+03:00,66.0,1,0.0
34.237.73.95,192.168.1.11,6,118,316,DF,443.0,60399.0,2025-02-09 09:37:20+03:00,316.0,1,0.0
149.154.167.51,192.168.1.11,6,54,56,DF,443.0,60276.0,2025-02-09 09:37:27+03:00,99.5,1,0.0
4.207.247.137,192.168.1.11,6,111,228,DF,443.0,60408.0,2025-02-09 09:37:31+03:00,228.0,1,0.0
192.168.1.11,213.180.204.179,6,128,55,DF,60659.0,443.0,2025-02-09 09:37:34+03:00,152.0,2,0.0
192.168.1.1,192.168.1.11,17,64,101,DF,0.0,0.0,2025-02-09 09:37:38+03:00,117.5,1,0.0
34.237.73.95,192.168.1.11,6,118,317,DF,443.0,60403.0,2025-02-09 09:37:40+03:00,316.5,2,6.0
192.168.1.1,224.0.0.1,2,1,60,DF,0.0,0.0,2025-02-09 09:37:48+03:00,60.0,1,0.0
35.174.127.31,192.168.1.11,6,116,56,DF,443.0,60975.0,2025-02-09 09:37:51+03:00,67.0,1,3.0
104.18.27.90,192.168.1.11,6,58,60,DF,443.0,60976.0,2025-02-09 09:37:59+03:00,63.0,1,0.0
192.168.1.11,104.18.27.90,6,128,66,DF,60976.0,443.0,2025-02-09 09:37:59+03:00,692.75,2,0.0
35.174.127.31,192.168.1.11,6,116,66,DF,443.0,60977.0,2025-02-09 09:38:02+03:00,66.0,1,0.0
192.168.1.11,18.165.140.115,6,128,66,DF,60982.0,443.0,2025-02-09 09:38:02+03:00,374.0,2,0.0
192.168.1.11,52.85.49.67,6,128,541,DF,60989.0,443.0,2025-02-09 09:38:03+03:00,216.33333333333334,1,0.0
192.168.1.11,34.237.73.95,6,128,82,DF,60403.0,443.0,2025-02-09 09:38:04+03:00,59.6,1,0.0
18.165.140.115,192.168.1.11,6,248,60,,443.0,60984.0,2025-02-09 09:38:08+03:00,60.0,1,0.0
2.18.24.11,192.168.1.11,6,50,60,DF,443.0,60978.0,2025-02-09 09:38:10+03:00,69.0,1,0.0
192.168.1.1,192.168.1.11,17,64,121,DF,0.0,0.0,2025-02-09 09:38:23+03:00,121.0,1,0.0
185.137.235.80,192.168.1.11,6,56,66,DF,443.0,60413.0,2025-02-09 09:38:25+03:00,66.0,1,0.0
91.105.192.100,192.168.1.11,6,55,56,DF,80.0,60304.0,2025-02-09 09:38:30+03:00,56.0,1,0.0
213.180.204.179,192.168.1.11,6,59,66,DF,443.0,60659.0,2025-02-09 09:38:34+03:00,66.0,1,0.0
91.105.192.100,192.168.1.11,6,55,288,DF,80.0,60281.0,2025-02-09 09:38:41+03:00,288.0,1,0.0
34.237.73.95,192.168.1.11,6,118,316,DF,443.0,60403.0,2025-02-09 09:38:44+03:00,316.0,1,0.0
91.105.192.100,192.168.1.11,6,55,288,DF,80.0,60282.0,2025-02-09 09:38:51+03:00,288.0,1,0.0
149.154.167.51,192.168.1.11,6,54,159,DF,443.0,60276.0,2025-02-09 09:38:52+03:00,159.0,1,0.0
192.168.1.11,104.18.27.90,6,128,66,DF,60994.0,443.0,2025-02-09 09:38:59+03:00,400.1666666666667,2,0.0
4.207.247.137,192.168.1.11,6,111,228,DF,443.0,60408.0,2025-02-09 09:39:01+03:00,228.0,1,0.0
149.154.167.51,192.168.1.11,6,54,56,DF,443.0,60276.0,2025-02-09 09:39:02+03:00,56.0,1,0.0
34.237.73.95,192.168.1.11,6,118,2974,DF,443.0,60996.0,2025-02-09 09:39:11+03:00,621.375,1,0.0
149.154.167.51,192.168.1.11,6,54,159,DF,443.0,60276.0,2025-02-09 09:42:36+03:00,159.0,1,0.0
185.137.235.80,192.168.1.11,6,56,56,DF,443.0,60413.0,2025-02-09 09:42:39+03:00,70.5,1,0.0
192.168.1.11,149.154.167.51,6,128,431,DF,60276.0,443.0,2025-02-09 09:42:46+03:00,114.0,2,0.0
192.168.1.11,185.137.235.80,6,128,89,DF,60355.0,443.0,2025-02-09 09:42:48+03:00,344.7142857142857,2,0.0
20.238.236.234,192.168.1.11,6,50,66,DF,443.0,60393.0,2025-02-09 09:42:51+03:00,66.0,1,0.0
104.18.94.41,192.168.1.11,17,58,64,DF,0.0,0.0,2025-02-09 09:42:59+03:00,573.2857142857143,1,0.0
2.18.24.11,192.168.1.11,6,49,60,DF,443.0,61020.0,2025-02-09 09:43:01+03:00,148.0,1,0.0
91.105.192.100,192.168.1.11,6,55,288,DF,80.0,60282.0,2025-02-09 09:43:02+03:00,288.0,1,0.0
192.168.1.1,192.168.1.11,17,64,144,DF,0.0,0.0,2025-02-09 09:43:02+03:00,144.0,1,0.0
2.18.24.11,192.168.1.11,6,49,60,DF,443.0,61020.0,2025-02-09 09:43:05+03:00,69.0,1,0.0
34.237.73.95,192.168.1.11,6,118,60,DF,443.0,61022.0,2025-02-09 09:43:16+03:00,189.0,3,4.0
192.168.1.1,192.168.1.11,17,64,146,DF,0.0,0.0,2025-02-09 09:43:30+03:00,146.0,1,0.0
20.54.232.160,192.168.1.11,6,113,1304,DF,443.0,61024.0,2025-02-09 09:43:30+03:00,1304.0,1,0.0
149.154.167.51,192.168.1.11,6,54,159,DF,443.0,60276.0,2025-02-09 09:43:37+03:00,159.0,1,0.0
0.0.0.0,255.255.255.255,17,64,362,DF,0.0,0.0,2025-02-09 09:43:40+03:00,362.0,1,0.0
91.105.192.100,192.168.1.11,6,55,288,DF,80.0,60282.0,2025-02-09 09:43:52+03:00,288.0,1,0.0
91.105.192.100,192.168.1.11,6,55,56,DF,443.0,60298.0,2025-02-09 09:43:53+03:00,56.0,1,0.0
104.18.26.90,192.168.1.11,6,58,66,DF,443.0,61027.0,2025-02-09 09:43:59+03:00,66.0,1,0.0
192.168.1.11,104.18.26.90,6,128,66,DF,61027.0,443.0,2025-02-09 09:43:59+03:00,462.0,2,0.0
192.168.1.1,224.0.0.1,2,1,60,DF,0.0,0.0,2025-02-09 09:44:03+03:00,60.0,1,0.0
91.105.192.100,192.168.1.11,6,55,56,DF,443.0,60342.0,2025-02-09 09:44:05+03:00,56.0,3,0.0
34.237.73.95,192.168.1.11,6,118,318,DF,443.0,60404.0,2025-02-09 09:44:10+03:00,187.0,1,0.0
149.154.167.51,192.168.1.11,6,54,56,DF,443.0,60276.0,2025-02-09 09:44:16+03:00,99.5,1,0.0
192.168.1.11,34.237.73.95,6,128,66,DF,61028.0,443.0,2025-02-09 09:44:19+03:00,656.7777777777778,1,0.0
34.237.73.95,192.168.1.11,6,118,2974,DF,443.0,61028.0,2025-02-09 09:44:19+03:00,565.1111111111111,1,0.0
185.137.235.80,192.168.1.11,6,56,66,DF,443.0,60413.0,2025-02-09 09:44:24+03:00,66.0,1,0.0
34.237.73.95,192.168.1.11,6,118,316,DF,443.0,60399.0,2025-02-09 09:44:32+03:00,316.0,1,0.0
185.137.235.80,192.168.1.11,6,56,116,DF,443.0,60413.0,2025-02-09 09:44:34+03:00,86.0,2,0.0
64.233.165.188,192.168.1.11,6,123,66,,5228.0,60389.0,2025-02-09 09:44:37+03:00,66.0,1,0.0
185.137.235.80,192.168.1.11,6,56,56,DF,443.0,60413.0,2025-02-09 09:44:39+03:00,70.5,1,0.0
149.154.167.51,192.168.1.11,6,54,56,DF,443.0,60276.0,2025-02-09 09:44:43+03:00,56.0,1,0.0
192.168.1.11,34.237.73.95,6,128,54,DF,61030.0,443.0,2025-02-09 09:44:51+03:00,255.5,1,0.0
91.105.192.100,192.168.1.11,6,55,56,DF,443.0,60298.0,2025-02-09 09:45:53+03:00,56.0,1,0.0
192.168.1.1,192.168.1.11,17,64,117,DF,0.0,0.0,2025-02-09 09:45:59+03:00,137.5,1,0.0
192.168.1.11,2.18.24.11,6,128,1438,DF,61039.0,443.0,2025-02-09 09:46:01+03:00,419.75,1,0.0
34.237.73.95,192.168.1.11,6,118,318,DF,443.0,60404.0,2025-02-09 09:46:02+03:00,318.0,1,0.0
192.168.1.11,91.105.192.100,6,128,54,DF,60342.0,443.0,2025-02-09 09:46:05+03:00,68.0,1,0.0
20.238.236.234,192.168.1.11,6,50,66,DF,443.0,60393.0,2025-02-09 09:46:06+03:00,66.0,1,0.0
192.168.1.11,239.255.255.250,2,1,46,,0.0,0.0,2025-02-09 09:46:08+03:00,86.0,3,0.0
192.168.1.11,149.154.167.51,6,128,415,DF,60276.0,443.0,2025-02-09 09:46:11+03:00,129.125,1,1.0
185.137.235.80,192.168.1.11,6,56,66,DF,443.0,60413.0,2025-02-09 09:46:24+03:00,66.0,1,0.0
185.137.235.80,192.168.1.11,6,56,56,DF,443.0,60413.0,2025-02-09 09:46:35+03:00,61.0,2,2.0
213.180.193.234,192.168.1.11,6,59,3714,DF,443.0,61043.0,2025-02-09 09:46:37+03:00,949.0,1,0.0
192.168.1.11,185.137.235.80,6,128,89,DF,60413.0,443.0,2025-02-09 09:46:39+03:00,210.4,2,0.0
104.18.26.90,192.168.1.11,6,58,60,DF,443.0,61426.0,2025-02-09 10:17:09+03:00,60.0,1,0.0
192.168.1.1,192.168.1.11,17,64,86,DF,0.0,0.0,2025-02-09 10:23:55+03:00,126.0,1,0.0
91.105.192.100,192.168.1.11,6,55,56,DF,443.0,60298.0,2025-02-09 10:23:58+03:00,56.0,1,0.0
91.105.192.100,192.168.1.11,6,55,288,DF,80.0,60282.0,2025-02-09 10:24:00+03:00,288.0,1,0.0
4.207.247.137,192.168.1.11,6,62,56,DF,443.0,60363.0,2025-02-09 10:24:00+03:00,113.66666666666667,2,2.0
178.170.196.233,192.168.1.11,6,50,56,DF,443.0,61507.0,2025-02-09 10:24:03+03:00,56.0,1,0.0
192.168.1.11,34.237.73.95,6,128,82,DF,60404.0,443.0,2025-02-09 10:24:05+03:00,63.333333333333336,1,0.0
34.237.73.95,192.168.1.11,6,118,2974,DF,443.0,62287.0,2025-02-09 11:08:41+03:00,567.7777777777778,1,1.0
185.137.235.80,192.168.1.11,6,56,56,DF,443.0,60355.0,2025-02-09 11:08:48+03:00,70.5,1,0.0
192.168.1.1,192.168.1.11,17,64,121,DF,0.0,0.0,2025-02-09 11:08:51+03:00,145.0,1,0.0
178.170.196.233,192.168.1.11,6,50,56,DF,443.0,62288.0,2025-02-09 11:08:56+03:00,56.0,1,0.0
192.168.1.11,104.18.95.41,17,128,1286,DF,0.0,0.0,2025-02-09 11:09:00+03:00,307.0,2,0.0
192.168.1.11,178.170.196.233,6,128,83,DF,62288.0,443.0,2025-02-09 11:09:02+03:00,127.42857142857143,3,0.0
4.207.247.137,192.168.1.11,6,111,229,DF,443.0,60408.0,2025-02-09 11:09:02+03:00,229.0,1,0.0
34.237.73.95,192.168.1.11,6,118,2974,DF,443.0,62294.0,2025-02-09 11:09:04+03:00,627.5,1,0.0
91.105.192.100,192.168.1.11,6,55,288,DF,80.0,60282.0,2025-02-09 11:09:09+03:00,288.0,1,0.0
34.237.73.95,192.168.1.11,6,118,322,DF,443.0,60404.0,2025-02-09 11:09:11+03:00,322.0,1,0.0
34.237.73.95,192.168.1.11,6,118,316,DF,443.0,60403.0,2025-02-09 11:09:21+03:00,191.0,2,1.0
34.237.73.95,192.168.1.11,6,118,2974,DF,443.0,62295.0,2025-02-09 11:09:22+03:00,629.0,1,0.0
178.170.196.233,192.168.1.11,6,50,79,DF,443.0,62288.0,2025-02-09 11:09:23+03:00,79.0,1,0.0
192.168.1.1,224.0.0.1,2,1,60,DF,0.0,0.0,2025-02-09 11:09:27+03:00,60.0,1,0.0
213.180.204.179,192.168.1.11,6,59,66,DF,443.0,60659.0,2025-02-09 11:09:34+03:00,66.0,1,0.0
178.170.196.233,192.168.1.11,6,50,56,DF,443.0,62288.0,2025-02-09 11:09:38+03:00,56.0,1,0.0
178.170.196.233,192.168.1.11,6,50,79,DF,443.0,62288.0,2025-02-09 11:09:44+03:00,79.0,1,0.0
91.105.192.100,192.168.1.11,6,55,288,DF,80.0,60281.0,2025-02-09 11:09:50+03:00,133.33333333333334,2,3.0
192.168.1.11,192.168.1.1,17,128,69,,0.0,0.0,2025-02-09 11:09:59+03:00,145.75,2,0.0
192.168.1.11,104.18.95.41,17,128,1286,DF,0.0,0.0,2025-02-09 11:10:00+03:00,404.2,3,0.0
149.154.167.51,192.168.1.11,6,54,143,DF,443.0,60276.0,2025-02-09 11:10:00+03:00,143.0,1,0.0
192.168.1.1,192.168.1.11,17,64,296,DF,0.0,0.0,2025-02-09 11:10:02+03:00,283.0,1,0.0
178.170.196.233,192.168.1.11,6,50,79,DF,443.0,62288.0,2025-02-09 11:10:05+03:00,79.0,1,0.0
20.238.236.234,192.168.1.11,6,50,66,DF,443.0,60393.0,2025-02-09 11:10:06+03:00,66.0,1,0.0
185.137.235.80,192.168.1.11,6,56,56,DF,443.0,60413.0,2025-02-09 11:10:15+03:00,56.0,1,0.0
178.170.196.233,192.168.1.11,6,50,56,DF,443.0,62288.0,2025-02-09 11:10:20+03:00,56.0,1,0.0
192.168.1.11,91.105.192.100,6,128,281,DF,60282.0,80.0,2025-02-09 11:10:24+03:00,165.16666666666666,2,0.0
149.154.167.51,192.168.1.11,6,54,159,DF,443.0,60276.0,2025-02-09 11:10:31+03:00,159.0,1,0.0
192.168.1.11,178.170.196.233,6,128,1514,DF,62342.0,443.0,2025-02-09 11:10:39+03:00,381.0,1,0.0
185.137.235.80,192.168.1.11,6,56,56,DF,443.0,60413.0,2025-02-09 11:10:39+03:00,70.5,1,0.0
149.154.167.51,192.168.1.11,6,54,56,DF,443.0,60276.0,2025-02-09 11:10:45+03:00,107.5,1,0.0
149.154.167.51,192.168.1.11,6,54,159,DF,443.0,60276.0,2025-02-09 11:10:52+03:00,159.0,1,0.0
178.170.196.233,192.168.1.11,6,50,56,DF,443.0,62342.0,2025-02-09 11:10:54+03:00,56.0,1,0.0
149.154.167.51,192.168.1.11,6,54,159,DF,443.0,60276.0,2025-02-09 11:10:58+03:00,159.0,1,0.0
192.168.1.11,104.18.27.90,6,128,54,DF,62345.0,443.0,2025-02-09 11:11:00+03:00,60.833333333333336,1,1.0
192.168.1.11,2.16.103.82,6,128,1438,DF,62347.0,443.0,2025-02-09 11:11:02+03:00,463.42857142857144,1,0.0
185.137.235.80,192.168.1.11,6,56,875,DF,443.0,60413.0,2025-02-09 11:11:08+03:00,875.0,2,0.0
192.168.1.11,35.174.127.31,6,128,54,DF,62348.0,443.0,2025-02-09 11:11:08+03:00,190.28571428571428,1,0.0
34.237.73.95,192.168.1.11,6,118,316,DF,443.0,60403.0,2025-02-09 11:11:13+03:00,316.0,1,0.0
34.237.73.95,192.168.1.11,6,118,316,DF,443.0,60399.0,2025-02-09 11:11:15+03:00,316.0,1,0.0
192.168.1.11,149.154.167.51,6,128,399,DF,60276.0,443.0,2025-02-09 11:11:18+03:00,244.57142857142858,1,0.0
23.64.12.25,192.168.1.11,6,57,56,DF,443.0,62353.0,2025-02-09 11:11:18+03:00,56.0,1,0.0
20.190.181.6,192.168.1.11,6,112,17574,DF,443.0,62357.0,2025-02-09 11:11:19+03:00,8860.5,1,0.0
52.98.242.226,192.168.1.11,6,109,4434,DF,443.0,62360.0,2025-02-09 11:11:19+03:00,1540.3333333333333,1,0.0
52.98.242.226,192.168.1.11,6,109,92,DF,443.0,62360.0,2025-02-09 11:11:20+03:00,428.3333333333333,1,0.0
178.170.196.233,192.168.1.11,6,50,79,DF,443.0,62342.0,2025-02-09 11:11:21+03:00,79.0,1,0.0
149.154.167.51,192.168.1.11,6,54,56,DF,443.0,60276.0,2025-02-09 11:11:24+03:00,107.5,1,0.0
192.168.1.1,224.0.0.1,2,1,60,DF,0.0,0.0,2025-02-09 11:11:32+03:00,60.0,1,0.0
213.180.204.179,192.168.1.11,6,59,66,DF,443.0,60659.0,2025-02-09 11:11:34+03:00,66.0,1,0.0
34.237.73.95,192.168.1.11,6,118,318,DF,443.0,60404.0,2025-02-09 11:11:35+03:00,318.0,1,0.0
23.64.12.16,192.168.1.11,6,57,480,DF,443.0,62349.0,2025-02-09 11:11:36+03:00,222.66666666666666,1,0.0
64.233.165.188,192.168.1.11,6,123,66,,5228.0,60389.0,2025-02-09 11:11:37+03:00,66.0,1,0.0
192.168.1.11,185.137.235.80,6,128,89,DF,60413.0,443.0,2025-02-09 11:11:39+03:00,594.0,2,0.0
178.170.196.233,192.168.1.11,6,50,79,DF,443.0,62342.0,2025-02-09 11:11:42+03:00,79.0,1,0.0
23.64.12.16,192.168.1.11,6,57,56,DF,443.0,62349.0,2025-02-09 11:11:43+03:00,932.5714285714286,1,0.0
20.42.73.26,192.168.1.11,6,107,141,DF,443.0,62358.0,2025-02-09 11:11:44+03:00,141.0,1,0.0
34.237.73.95,192.168.1.11,6,118,316,DF,443.0,60399.0,2025-02-09 11:11:47+03:00,316.0,1,0.0
23.64.12.16,192.168.1.11,6,57,56,DF,443.0,62349.0,2025-02-09 11:11:50+03:00,773.0,1,0.0
20.238.236.234,192.168.1.11,6,50,113,DF,443.0,60393.0,2025-02-09 11:11:51+03:00,113.0,1,0.0
23.64.12.16,192.168.1.11,6,57,56,DF,443.0,62349.0,2025-02-09 11:11:53+03:00,56.0,1,0.0
149.154.167.51,192.168.1.11,6,54,159,DF,443.0,60276.0,2025-02-09 11:11:54+03:00,159.0,1,0.0
192.168.1.11,23.64.12.16,6,128,1153,DF,62349.0,443.0,2025-02-09 11:11:55+03:00,1404.0666666666666,1,0.0
192.168.1.11,224.0.0.251,17,1,182,,0.0,0.0,2025-02-09 11:11:56+03:00,142.66666666666666,3,0.0
192.168.1.1,192.168.1.11,17,64,175,DF,0.0,0.0,2025-02-09 11:11:59+03:00,175.0,1,0.0
192.168.1.1,192.168.1.11,17,64,144,DF,0.0,0.0,2025-02-09 11:11:59+03:00,144.0,1,0.0
104.18.95.41,192.168.1.11,6,58,60,DF,443.0,62370.0,2025-02-09 11:12:00+03:00,849.0,2,0.0
51.53.80.32,192.168.1.11,6,105,2974,DF,443.0,62368.0,2025-02-09 11:12:00+03:00,1584.0,1,0.0
91.105.192.100,192.168.1.11,6,56,56,DF,443.0,61718.0,2025-02-09 11:12:01+03:00,56.0,1,0.0
192.168.1.1,192.168.1.11,17,64,205,DF,0.0,0.0,2025-02-09 11:12:01+03:00,205.0,1,0.0
35.174.127.31,192.168.1.11,6,118,60,DF,443.0,62369.0,2025-02-09 11:12:01+03:00,60.0,1,0.0
149.154.167.51,192.168.1.11,6,54,56,DF,443.0,60276.0,2025-02-09 11:12:03+03:00,99.5,1,0.0
91.105.192.100,192.168.1.11,6,55,56,DF,443.0,61396.0,2025-02-09 11:12:06+03:00,56.0,1,0.0
192.168.1.11,185.137.235.80,6,128,183,DF,60355.0,443.0,2025-02-09 11:12:16+03:00,100.16666666666667,1,0.0
87.250.251.183,192.168.1.11,6,59,66,DF,443.0,62373.0,2025-02-09 11:12:20+03:00,66.0,1,0.0
34.237.73.95,192.168.1.11,6,118,316,DF,443.0,60404.0,2025-02-09 11:12:23+03:00,316.0,1,0.0
91.105.192.100,192.168.1.11,6,55,56,DF,80.0,60282.0,2025-02-09 11:12:30+03:00,133.33333333333334,1,0.0
20.238.236.234,192.168.1.11,6,50,66,DF,443.0,60393.0,2025-02-09 11:12:36+03:00,66.0,1,0.0
185.137.235.80,192.168.1.11,6,56,56,DF,443.0,60413.0,2025-02-09 11:12:39+03:00,70.5,1,0.0
192.168.1.11,213.180.204.179,6,128,54,DF,60362.0,443.0,2025-02-09 11:12:47+03:00,132.5,2,0.0
34.237.73.95,192.168.1.11,6,118,316,DF,443.0,60403.0,2025-02-09 11:12:49+03:00,316.0,1,0.0
192.168.1.11,104.18.95.41,17,128,121,DF,0.0,0.0,2025-02-09 11:12:59+03:00,562.6,2,0.0
192.168.1.11,192.168.1.1,17,128,69,,0.0,0.0,2025-02-09 11:13:02+03:00,669.0,2,0.0
149.154.167.51,192.168.1.11,6,54,159,DF,443.0,60276.0,2025-02-09 11:13:04+03:00,159.0,1,0.0
34.237.73.95,192.168.1.11,6,118,318,DF,443.0,60404.0,2025-02-09 11:13:11+03:00,318.0,1,0.0
34.237.73.95,192.168.1.11,6,118,2974,DF,443.0,62378.0,2025-02-09 11:13:13+03:00,629.0,1,1.0
149.154.167.51,192.168.1.11,6,54,56,DF,443.0,60276.0,2025-02-09 11:13:14+03:00,56.0,1,0.0
185.137.235.80,192.168.1.11,6,56,847,DF,443.0,60413.0,2025-02-09 11:13:21+03:00,847.0,1,0.0
20.238.236.234,192.168.1.11,6,50,66,DF,443.0,60393.0,2025-02-09 11:13:21+03:00,66.0,1,0.0
4.207.247.137,192.168.1.11,6,111,229,DF,443.0,60408.0,2025-02-09 11:13:32+03:00,229.0,1,0.0
192.168.1.1,224.0.0.1,2,1,60,DF,0.0,0.0,2025-02-09 11:13:37+03:00,60.0,1,0.0
149.154.167.51,192.168.1.11,6,54,159,DF,443.0,60276.0,2025-02-09 11:13:39+03:00,159.0,1,0.0
34.237.73.95,192.168.1.11,6,118,316,DF,443.0,60404.0,2025-02-09 11:13:43+03:00,316.0,1,0.0
185.137.235.80,192.168.1.11,6,56,56,DF,443.0,60355.0,2025-02-09 11:13:48+03:00,70.5,1,0.0
20.42.73.26,192.168.1.11,6,62,56,DF,443.0,62358.0,2025-02-09 11:13:52+03:00,56.0,1,0.0
192.168.1.11,104.18.27.90,6,128,66,DF,62382.0,443.0,2025-02-09 11:13:59+03:00,490.3333333333333,2,0.0
77.88.44.55,192.168.1.11,6,59,93,,443.0,62381.0,2025-02-09 11:14:00+03:00,93.0,1,0.0
192.168.1.1,192.168.1.11,17,64,270,DF,0.0,0.0,2025-02-09 11:14:02+03:00,283.0,1,0.0
192.168.1.11,2.16.103.82,6,128,1438,DF,62383.0,443.0,2025-02-09 11:14:02+03:00,414.0,1,0.0
192.168.1.1,192.168.1.11,17,64,146,DF,0.0,0.0,2025-02-09 11:14:04+03:00,146.0,1,0.0
34.237.73.95,192.168.1.11,6,118,56,DF,443.0,60404.0,2025-02-09 11:14:05+03:00,67.0,1,0.0
20.238.236.234,192.168.1.11,6,50,66,DF,443.0,60393.0,2025-02-09 11:14:06+03:00,66.0,1,0.0
91.105.192.100,192.168.1.11,6,55,288,DF,80.0,60282.0,2025-02-09 11:14:10+03:00,288.0,1,0.0
4.207.247.137,192.168.1.11,6,111,229,DF,443.0,60408.0,2025-02-09 11:14:17+03:00,229.0,1,0.0
91.105.192.100,192.168.1.11,6,55,60,DF,443.0,61396.0,2025-02-09 11:14:19+03:00,60.0,1,0.0
91.105.192.100,192.168.1.11,6,56,56,DF,443.0,61098.0,2025-02-09 11:14:24+03:00,56.0,1,0.0
91.105.192.100,192.168.1.11,6,55,288,DF,80.0,60281.0,2025-02-09 11:14:52+03:00,288.0,1,0.0
34.237.73.95,192.168.1.11,6,118,320,DF,443.0,60403.0,2025-02-09 11:17:37+03:00,320.0,1,0.0
149.154.167.51,192.168.1.11,6,54,143,DF,443.0,60276.0,2025-02-09 11:17:39+03:00,143.0,1,0.0
192.168.1.1,224.0.0.1,2,1,60,DF,0.0,0.0,2025-02-09 11:17:47+03:00,60.0,1,0.0
192.168.1.11,239.255.255.250,2,1,46,,0.0,0.0,2025-02-09 11:17:48+03:00,108.44444444444444,2,0.0
104.18.26.90,192.168.1.11,6,58,66,DF,443.0,62414.0,2025-02-09 11:17:59+03:00,66.0,1,0.0
91.105.192.100,192.168.1.11,6,62,56,DF,443.0,61718.0,2025-02-09 11:18:01+03:00,56.0,1,0.0
20.238.236.234,192.168.1.11,6,50,66,DF,443.0,60393.0,2025-02-09 11:18:06+03:00,66.0,1,0.0
149.154.167.51,192.168.1.11,6,54,159,DF,443.0,60276.0,2025-02-09 11:18:09+03:00,159.0,1,0.0
34.237.73.95,192.168.1.11,6,118,2974,DF,443.0,62434.0,2025-02-09 11:20:44+03:00,624.25,1,0.0
185.137.235.80,192.168.1.11,6,56,56,DF,443.0,60355.0,2025-02-09 11:20:48+03:00,70.5,1,0.0
104.18.94.41,192.168.1.11,17,58,66,DF,0.0,0.0,2025-02-09 11:22:59+03:00,658.1666666666666,1,0.0
192.168.1.1,192.168.1.11,17,64,121,DF,0.0,0.0,2025-02-09 11:32:39+03:00,145.0,1,0.0
192.168.1.1,192.168.1.11,17,64,182,DF,0.0,0.0,2025-02-09 11:32:44+03:00,181.5,1,0.0
104.126.37.170,192.168.1.11,6,50,66,DF,443.0,62570.0,2025-02-09 11:32:44+03:00,899.4,2,0.0
192.168.1.11,34.237.73.95,6,128,295,DF,60404.0,443.0,2025-02-09 11:32:46+03:00,109.66666666666667,1,0.0
213.180.204.127,192.168.1.11,6,59,3714,DF,443.0,62571.0,2025-02-09 11:32:47+03:00,775.4285714285714,1,0.0
34.237.73.95,192.168.1.11,6,118,321,DF,443.0,60403.0,2025-02-09 11:32:49+03:00,321.0,1,0.0
34.237.73.95,192.168.1.11,6,118,60,DF,443.0,62572.0,2025-02-09 11:32:52+03:00,776.5,2,1.0
104.126.37.170,192.168.1.11,6,50,78,DF,443.0,62570.0,2025-02-09 11:32:54+03:00,78.0,1,0.0
192.168.1.11,34.237.73.95,6,128,54,DF,62572.0,443.0,2025-02-09 11:32:58+03:00,583.1666666666666,2,0.0
192.168.1.11,2.18.24.11,6,128,610,DF,62574.0,443.0,2025-02-09 11:33:02+03:00,205.8,1,0.0
2.18.24.11,192.168.1.11,6,50,727,DF,443.0,62574.0,2025-02-09 11:33:03+03:00,231.0,1,0.0
185.137.235.80,192.168.1.11,6,56,117,DF,443.0,60413.0,2025-02-09 11:36:30+03:00,86.5,2,0.0
192.168.1.11,104.16.145.246,6,128,676,DF,62606.0,443.0,2025-02-09 11:36:39+03:00,191.625,2,0.0
185.137.235.80,192.168.1.11,6,56,56,DF,443.0,60413.0,2025-02-09 11:36:39+03:00,70.5,1,0.0
149.154.167.51,192.168.1.11,6,54,159,DF,443.0,60276.0,2025-02-09 11:36:42+03:00,159.0,1,0.0
34.237.73.95,192.168.1.11,6,118,317,DF,443.0,60404.0,2025-02-09 11:36:46+03:00,317.0,1,0.0
213.180.204.179,192.168.1.11,6,59,136,DF,443.0,60659.0,2025-02-09 11:36:49+03:00,136.0,1,0.0
91.105.192.100,192.168.1.11,6,55,56,DF,443.0,62590.0,2025-02-09 11:36:57+03:00,56.0,1,0.0
104.18.94.41,192.168.1.11,17,58,129,DF,0.0,0.0,2025-02-09 11:36:59+03:00,1056.5,1,0.0
192.168.1.11,2.19.204.130,6,128,1438,DF,62610.0,443.0,2025-02-09 11:37:01+03:00,458.85714285714283,1,0.0
192.168.1.11,2.19.204.130,6,128,1438,DF,62610.0,443.0,2025-02-09 11:37:01+03:00,501.0,2,0.0
